01:55:41 INFO    pares: 6,000,000 de 6,000,000 disponíveis · 650,162 documentos citados distintos · 133,540 validação
01:55:41 INFO    dispositivo: Tesla T4 (CUDA 7.5, 16 GB)
01:55:41 INFO    HTTP Request: HEAD https://huggingface.co/sentence-transformers/all-MiniLM-L6-v2/resolve/main/config.json "HTTP/1.1 307 Temporary Redirect"
01:55:41 INFO    HTTP Request: HEAD https://huggingface.co/api/resolve-cache/models/sentence-transformers/all-MiniLM-L6-v2/1110a243fdf4706b3f48f1d95db1a4f5529b4d41/config.json "HTTP/1.1 200 OK"
01:55:41 INFO    HTTP Request: GET https://huggingface.co/api/resolve-cache/models/sentence-transformers/all-MiniLM-L6-v2/1110a243fdf4706b3f48f1d95db1a4f5529b4d41/config.json "HTTP/1.1 200 OK"
01:55:41 INFO    HTTP Request: HEAD https://huggingface.co/sentence-transformers/all-MiniLM-L6-v2/resolve/main/tokenizer_config.json "HTTP/1.1 307 Temporary Redirect"
Warning: You are sending unauthenticated requests to the HF Hub. Please set a HF_TOKEN to enable higher rate limits and faster downloads.
01:55:41 WARNING Warning: You are sending unauthenticated requests to the HF Hub. Please set a HF_TOKEN to enable higher rate limits and faster downloads.
01:55:41 INFO    HTTP Request: HEAD https://huggingface.co/api/resolve-cache/models/sentence-transformers/all-MiniLM-L6-v2/1110a243fdf4706b3f48f1d95db1a4f5529b4d41/tokenizer_config.json "HTTP/1.1 200 OK"
01:55:41 INFO    HTTP Request: GET https://huggingface.co/api/resolve-cache/models/sentence-transformers/all-MiniLM-L6-v2/1110a243fdf4706b3f48f1d95db1a4f5529b4d41/tokenizer_config.json "HTTP/1.1 200 OK"
01:55:41 INFO    HTTP Request: GET https://huggingface.co/api/models/sentence-transformers/all-MiniLM-L6-v2/tree/main/additional_chat_templates?recursive=false&expand=false "HTTP/1.1 404 Not Found"
01:55:42 INFO    HTTP Request: GET https://huggingface.co/api/models/sentence-transformers/all-MiniLM-L6-v2/tree/main?recursive=true&expand=false "HTTP/1.1 200 OK"
01:55:42 INFO    HTTP Request: HEAD https://huggingface.co/sentence-transformers/all-MiniLM-L6-v2/resolve/main/vocab.txt "HTTP/1.1 307 Temporary Redirect"
01:55:42 INFO    HTTP Request: HEAD https://huggingface.co/api/resolve-cache/models/sentence-transformers/all-MiniLM-L6-v2/1110a243fdf4706b3f48f1d95db1a4f5529b4d41/vocab.txt "HTTP/1.1 200 OK"
01:55:42 INFO    HTTP Request: GET https://huggingface.co/api/resolve-cache/models/sentence-transformers/all-MiniLM-L6-v2/1110a243fdf4706b3f48f1d95db1a4f5529b4d41/vocab.txt "HTTP/1.1 200 OK"
01:55:42 INFO    HTTP Request: HEAD https://huggingface.co/sentence-transformers/all-MiniLM-L6-v2/resolve/main/tokenizer.json "HTTP/1.1 307 Temporary Redirect"
01:55:42 INFO    HTTP Request: HEAD https://huggingface.co/api/resolve-cache/models/sentence-transformers/all-MiniLM-L6-v2/1110a243fdf4706b3f48f1d95db1a4f5529b4d41/tokenizer.json "HTTP/1.1 200 OK"
01:55:42 INFO    HTTP Request: GET https://huggingface.co/api/resolve-cache/models/sentence-transformers/all-MiniLM-L6-v2/1110a243fdf4706b3f48f1d95db1a4f5529b4d41/tokenizer.json "HTTP/1.1 200 OK"
01:55:42 INFO    HTTP Request: HEAD https://huggingface.co/sentence-transformers/all-MiniLM-L6-v2/resolve/main/added_tokens.json "HTTP/1.1 404 Not Found"
01:55:42 INFO    HTTP Request: HEAD https://huggingface.co/sentence-transformers/all-MiniLM-L6-v2/resolve/main/special_tokens_map.json "HTTP/1.1 307 Temporary Redirect"
01:55:42 INFO    HTTP Request: HEAD https://huggingface.co/api/resolve-cache/models/sentence-transformers/all-MiniLM-L6-v2/1110a243fdf4706b3f48f1d95db1a4f5529b4d41/special_tokens_map.json "HTTP/1.1 200 OK"
01:55:42 INFO    HTTP Request: GET https://huggingface.co/api/resolve-cache/models/sentence-transformers/all-MiniLM-L6-v2/1110a243fdf4706b3f48f1d95db1a4f5529b4d41/special_tokens_map.json "HTTP/1.1 200 OK"
01:55:42 INFO    HTTP Request: HEAD https://huggingface.co/sentence-transformers/all-MiniLM-L6-v2/resolve/main/chat_template.jinja "HTTP/1.1 404 Not Found"
01:55:42 INFO    HTTP Request: HEAD https://huggingface.co/sentence-transformers/all-MiniLM-L6-v2/resolve/main/config.json "HTTP/1.1 307 Temporary Redirect"
01:55:42 INFO    HTTP Request: HEAD https://huggingface.co/api/resolve-cache/models/sentence-transformers/all-MiniLM-L6-v2/1110a243fdf4706b3f48f1d95db1a4f5529b4d41/config.json "HTTP/1.1 200 OK"
01:55:42 INFO    HTTP Request: HEAD https://huggingface.co/sentence-transformers/all-MiniLM-L6-v2/resolve/main/adapter_config.json "HTTP/1.1 404 Not Found"
01:55:43 INFO    HTTP Request: HEAD https://huggingface.co/sentence-transformers/all-MiniLM-L6-v2/resolve/main/config.json "HTTP/1.1 307 Temporary Redirect"
01:55:43 INFO    HTTP Request: HEAD https://huggingface.co/api/resolve-cache/models/sentence-transformers/all-MiniLM-L6-v2/1110a243fdf4706b3f48f1d95db1a4f5529b4d41/config.json "HTTP/1.1 200 OK"
01:55:44 INFO    HTTP Request: HEAD https://huggingface.co/sentence-transformers/all-MiniLM-L6-v2/resolve/main/model.safetensors "HTTP/1.1 302 Found"
01:55:44 INFO    HTTP Request: GET https://huggingface.co/api/models/sentence-transformers/all-MiniLM-L6-v2/xet-read-token/1110a243fdf4706b3f48f1d95db1a4f5529b4d41 "HTTP/1.1 200 OK"

Loading weights:   0%|          | 0/103 [00:00<?, ?it/s]
Loading weights:   1%|          | 1/103 [00:00<00:00, 17403.75it/s, Materializing param=embeddings.LayerNorm.bias]
Loading weights:   1%|          | 1/103 [00:00<00:00, 5874.38it/s, Materializing param=embeddings.LayerNorm.bias] 
Loading weights:   2%|▏         | 2/103 [00:00<00:00, 1932.41it/s, Materializing param=embeddings.LayerNorm.weight]
Loading weights:   2%|▏         | 2/103 [00:00<00:00, 1690.91it/s, Materializing param=embeddings.LayerNorm.weight]
Loading weights:   3%|▎         | 3/103 [00:00<00:00, 1130.03it/s, Materializing param=embeddings.position_embeddings.weight]
Loading weights:   3%|▎         | 3/103 [00:00<00:00, 1077.12it/s, Materializing param=embeddings.position_embeddings.weight]
Loading weights:   4%|▍         | 4/103 [00:00<00:00, 855.63it/s, Materializing param=embeddings.token_type_embeddings.weight]
Loading weights:   4%|▍         | 4/103 [00:00<00:00, 831.30it/s, Materializing param=embeddings.token_type_embeddings.weight]
Loading weights:   5%|▍         | 5/103 [00:00<00:00, 986.66it/s, Materializing param=embeddings.word_embeddings.weight]      
Loading weights:   5%|▍         | 5/103 [00:00<00:00, 963.32it/s, Materializing param=embeddings.word_embeddings.weight]
Loading weights:   6%|▌         | 6/103 [00:00<00:00, 1112.94it/s, Materializing param=encoder.layer.0.attention.output.LayerNorm.bias]
Loading weights:   6%|▌         | 6/103 [00:00<00:00, 1052.04it/s, Materializing param=encoder.layer.0.attention.output.LayerNorm.bias]
Loading weights:   7%|▋         | 7/103 [00:00<00:00, 929.27it/s, Materializing param=encoder.layer.0.attention.output.LayerNorm.weight]
Loading weights:   7%|▋         | 7/103 [00:00<00:00, 905.25it/s, Materializing param=encoder.layer.0.attention.output.LayerNorm.weight]
Loading weights:   8%|▊         | 8/103 [00:00<00:00, 874.50it/s, Materializing param=encoder.layer.0.attention.output.dense.bias]      
Loading weights:   8%|▊         | 8/103 [00:00<00:00, 821.02it/s, Materializing param=encoder.layer.0.attention.output.dense.bias]
Loading weights:   9%|▊         | 9/103 [00:00<00:00, 822.07it/s, Materializing param=encoder.layer.0.attention.output.dense.weight]
Loading weights:   9%|▊         | 9/103 [00:00<00:00, 813.20it/s, Materializing param=encoder.layer.0.attention.output.dense.weight]
Loading weights:  10%|▉         | 10/103 [00:00<00:00, 791.23it/s, Materializing param=encoder.layer.0.attention.self.key.bias]     
Loading weights:  10%|▉         | 10/103 [00:00<00:00, 785.08it/s, Materializing param=encoder.layer.0.attention.self.key.bias]
Loading weights:  11%|█         | 11/103 [00:00<00:00, 809.29it/s, Materializing param=encoder.layer.0.attention.self.key.weight]
Loading weights:  11%|█         | 11/103 [00:00<00:00, 802.17it/s, Materializing param=encoder.layer.0.attention.self.key.weight]
Loading weights:  12%|█▏        | 12/103 [00:00<00:00, 802.64it/s, Materializing param=encoder.layer.0.attention.self.query.bias]
Loading weights:  12%|█▏        | 12/103 [00:00<00:00, 747.12it/s, Materializing param=encoder.layer.0.attention.self.query.bias]
Loading weights:  13%|█▎        | 13/103 [00:00<00:00, 795.47it/s, Materializing param=encoder.layer.0.attention.self.query.weight]
Loading weights:  13%|█▎        | 13/103 [00:00<00:00, 789.80it/s, Materializing param=encoder.layer.0.attention.self.query.weight]
Loading weights:  14%|█▎        | 14/103 [00:00<00:00, 790.32it/s, Materializing param=encoder.layer.0.attention.self.value.bias]  
Loading weights:  14%|█▎        | 14/103 [00:00<00:00, 785.19it/s, Materializing param=encoder.layer.0.attention.self.value.bias]
Loading weights:  15%|█▍        | 15/103 [00:00<00:00, 808.38it/s, Materializing param=encoder.layer.0.attention.self.value.weight]
Loading weights:  15%|█▍        | 15/103 [00:00<00:00, 793.20it/s, Materializing param=encoder.layer.0.attention.self.value.weight]
Loading weights:  16%|█▌        | 16/103 [00:00<00:00, 831.32it/s, Materializing param=encoder.layer.0.intermediate.dense.bias]    
Loading weights:  16%|█▌        | 16/103 [00:00<00:00, 826.41it/s, Materializing param=encoder.layer.0.intermediate.dense.bias]
Loading weights:  17%|█▋        | 17/103 [00:00<00:00, 858.79it/s, Materializing param=encoder.layer.0.intermediate.dense.weight]
Loading weights:  17%|█▋        | 17/103 [00:00<00:00, 853.61it/s, Materializing param=encoder.layer.0.intermediate.dense.weight]
Loading weights:  17%|█▋        | 18/103 [00:00<00:00, 833.78it/s, Materializing param=encoder.layer.0.output.LayerNorm.bias]    
Loading weights:  17%|█▋        | 18/103 [00:00<00:00, 829.22it/s, Materializing param=encoder.layer.0.output.LayerNorm.bias]
Loading weights:  18%|█▊        | 19/103 [00:00<00:00, 838.38it/s, Materializing param=encoder.layer.0.output.LayerNorm.weight]
Loading weights:  18%|█▊        | 19/103 [00:00<00:00, 793.03it/s, Materializing param=encoder.layer.0.output.LayerNorm.weight]
Loading weights:  19%|█▉        | 20/103 [00:00<00:00, 806.43it/s, Materializing param=encoder.layer.0.output.dense.bias]      
Loading weights:  19%|█▉        | 20/103 [00:00<00:00, 802.14it/s, Materializing param=encoder.layer.0.output.dense.bias]
Loading weights:  20%|██        | 21/103 [00:00<00:00, 807.76it/s, Materializing param=encoder.layer.0.output.dense.weight]
Loading weights:  20%|██        | 21/103 [00:00<00:00, 804.09it/s, Materializing param=encoder.layer.0.output.dense.weight]
Loading weights:  21%|██▏       | 22/103 [00:00<00:00, 793.30it/s, Materializing param=encoder.layer.1.attention.output.LayerNorm.bias]
Loading weights:  21%|██▏       | 22/103 [00:00<00:00, 789.97it/s, Materializing param=encoder.layer.1.attention.output.LayerNorm.bias]
Loading weights:  22%|██▏       | 23/103 [00:00<00:00, 760.83it/s, Materializing param=encoder.layer.1.attention.output.LayerNorm.weight]
Loading weights:  22%|██▏       | 23/103 [00:00<00:00, 757.49it/s, Materializing param=encoder.layer.1.attention.output.LayerNorm.weight]
Loading weights:  23%|██▎       | 24/103 [00:00<00:00, 775.47it/s, Materializing param=encoder.layer.1.attention.output.dense.bias]      
Loading weights:  23%|██▎       | 24/103 [00:00<00:00, 771.86it/s, Materializing param=encoder.layer.1.attention.output.dense.bias]
Loading weights:  24%|██▍       | 25/103 [00:00<00:00, 774.33it/s, Materializing param=encoder.layer.1.attention.output.dense.weight]
Loading weights:  24%|██▍       | 25/103 [00:00<00:00, 771.41it/s, Materializing param=encoder.layer.1.attention.output.dense.weight]
Loading weights:  25%|██▌       | 26/103 [00:00<00:00, 764.02it/s, Materializing param=encoder.layer.1.attention.self.key.bias]      
Loading weights:  25%|██▌       | 26/103 [00:00<00:00, 755.37it/s, Materializing param=encoder.layer.1.attention.self.key.bias]
Loading weights:  26%|██▌       | 27/103 [00:00<00:00, 769.65it/s, Materializing param=encoder.layer.1.attention.self.key.weight]
Loading weights:  26%|██▌       | 27/103 [00:00<00:00, 759.67it/s, Materializing param=encoder.layer.1.attention.self.key.weight]
Loading weights:  27%|██▋       | 28/103 [00:00<00:00, 771.21it/s, Materializing param=encoder.layer.1.attention.self.query.bias]
Loading weights:  27%|██▋       | 28/103 [00:00<00:00, 768.78it/s, Materializing param=encoder.layer.1.attention.self.query.bias]
Loading weights:  28%|██▊       | 29/103 [00:00<00:00, 720.87it/s, Materializing param=encoder.layer.1.attention.self.query.weight]
Loading weights:  28%|██▊       | 29/103 [00:00<00:00, 718.78it/s, Materializing param=encoder.layer.1.attention.self.query.weight]
Loading weights:  29%|██▉       | 30/103 [00:00<00:00, 731.93it/s, Materializing param=encoder.layer.1.attention.self.value.bias]  
Loading weights:  29%|██▉       | 30/103 [00:00<00:00, 729.86it/s, Materializing param=encoder.layer.1.attention.self.value.bias]
Loading weights:  30%|███       | 31/103 [00:00<00:00, 737.60it/s, Materializing param=encoder.layer.1.attention.self.value.weight]
Loading weights:  30%|███       | 31/103 [00:00<00:00, 735.30it/s, Materializing param=encoder.layer.1.attention.self.value.weight]
Loading weights:  31%|███       | 32/103 [00:00<00:00, 745.30it/s, Materializing param=encoder.layer.1.intermediate.dense.bias]    
Loading weights:  31%|███       | 32/103 [00:00<00:00, 743.29it/s, Materializing param=encoder.layer.1.intermediate.dense.bias]
Loading weights:  32%|███▏      | 33/103 [00:00<00:00, 757.95it/s, Materializing param=encoder.layer.1.intermediate.dense.weight]
Loading weights:  32%|███▏      | 33/103 [00:00<00:00, 755.89it/s, Materializing param=encoder.layer.1.intermediate.dense.weight]
Loading weights:  33%|███▎      | 34/103 [00:00<00:00, 720.11it/s, Materializing param=encoder.layer.1.output.LayerNorm.bias]    
Loading weights:  33%|███▎      | 34/103 [00:00<00:00, 718.03it/s, Materializing param=encoder.layer.1.output.LayerNorm.bias]
Loading weights:  34%|███▍      | 35/103 [00:00<00:00, 733.63it/s, Materializing param=encoder.layer.1.output.LayerNorm.weight]
Loading weights:  34%|███▍      | 35/103 [00:00<00:00, 731.77it/s, Materializing param=encoder.layer.1.output.LayerNorm.weight]
Loading weights:  35%|███▍      | 36/103 [00:00<00:00, 749.12it/s, Materializing param=encoder.layer.1.output.dense.bias]      
Loading weights:  35%|███▍      | 36/103 [00:00<00:00, 747.43it/s, Materializing param=encoder.layer.1.output.dense.bias]
Loading weights:  36%|███▌      | 37/103 [00:00<00:00, 763.67it/s, Materializing param=encoder.layer.1.output.dense.weight]
Loading weights:  36%|███▌      | 37/103 [00:00<00:00, 761.52it/s, Materializing param=encoder.layer.1.output.dense.weight]
Loading weights:  37%|███▋      | 38/103 [00:00<00:00, 777.32it/s, Materializing param=encoder.layer.2.attention.output.LayerNorm.bias]
Loading weights:  37%|███▋      | 38/103 [00:00<00:00, 775.53it/s, Materializing param=encoder.layer.2.attention.output.LayerNorm.bias]
Loading weights:  38%|███▊      | 39/103 [00:00<00:00, 792.69it/s, Materializing param=encoder.layer.2.attention.output.LayerNorm.weight]
Loading weights:  38%|███▊      | 39/103 [00:00<00:00, 791.06it/s, Materializing param=encoder.layer.2.attention.output.LayerNorm.weight]
Loading weights:  39%|███▉      | 40/103 [00:00<00:00, 807.79it/s, Materializing param=encoder.layer.2.attention.output.dense.bias]      
Loading weights:  39%|███▉      | 40/103 [00:00<00:00, 806.09it/s, Materializing param=encoder.layer.2.attention.output.dense.bias]
Loading weights:  40%|███▉      | 41/103 [00:00<00:00, 822.77it/s, Materializing param=encoder.layer.2.attention.output.dense.weight]
Loading weights:  40%|███▉      | 41/103 [00:00<00:00, 821.11it/s, Materializing param=encoder.layer.2.attention.output.dense.weight]
Loading weights:  41%|████      | 42/103 [00:00<00:00, 837.71it/s, Materializing param=encoder.layer.2.attention.self.key.bias]      
Loading weights:  41%|████      | 42/103 [00:00<00:00, 836.05it/s, Materializing param=encoder.layer.2.attention.self.key.bias]
Loading weights:  42%|████▏     | 43/103 [00:00<00:00, 852.46it/s, Materializing param=encoder.layer.2.attention.self.key.weight]
Loading weights:  42%|████▏     | 43/103 [00:00<00:00, 850.53it/s, Materializing param=encoder.layer.2.attention.self.key.weight]
Loading weights:  43%|████▎     | 44/103 [00:00<00:00, 866.81it/s, Materializing param=encoder.layer.2.attention.self.query.bias]
Loading weights:  43%|████▎     | 44/103 [00:00<00:00, 865.11it/s, Materializing param=encoder.layer.2.attention.self.query.bias]
Loading weights:  44%|████▎     | 45/103 [00:00<00:00, 881.46it/s, Materializing param=encoder.layer.2.attention.self.query.weight]
Loading weights:  44%|████▎     | 45/103 [00:00<00:00, 879.78it/s, Materializing param=encoder.layer.2.attention.self.query.weight]
Loading weights:  45%|████▍     | 46/103 [00:00<00:00, 895.90it/s, Materializing param=encoder.layer.2.attention.self.value.bias]  
Loading weights:  45%|████▍     | 46/103 [00:00<00:00, 894.05it/s, Materializing param=encoder.layer.2.attention.self.value.bias]
Loading weights:  46%|████▌     | 47/103 [00:00<00:00, 909.50it/s, Materializing param=encoder.layer.2.attention.self.value.weight]
Loading weights:  46%|████▌     | 47/103 [00:00<00:00, 907.66it/s, Materializing param=encoder.layer.2.attention.self.value.weight]
Loading weights:  47%|████▋     | 48/103 [00:00<00:00, 923.37it/s, Materializing param=encoder.layer.2.intermediate.dense.bias]    
Loading weights:  47%|████▋     | 48/103 [00:00<00:00, 921.50it/s, Materializing param=encoder.layer.2.intermediate.dense.bias]
Loading weights:  48%|████▊     | 49/103 [00:00<00:00, 937.30it/s, Materializing param=encoder.layer.2.intermediate.dense.weight]
Loading weights:  48%|████▊     | 49/103 [00:00<00:00, 935.44it/s, Materializing param=encoder.layer.2.intermediate.dense.weight]
Loading weights:  49%|████▊     | 50/103 [00:00<00:00, 950.72it/s, Materializing param=encoder.layer.2.output.LayerNorm.bias]    
Loading weights:  49%|████▊     | 50/103 [00:00<00:00, 948.91it/s, Materializing param=encoder.layer.2.output.LayerNorm.bias]
Loading weights:  50%|████▉     | 51/103 [00:00<00:00, 964.92it/s, Materializing param=encoder.layer.2.output.LayerNorm.weight]
Loading weights:  50%|████▉     | 51/103 [00:00<00:00, 963.51it/s, Materializing param=encoder.layer.2.output.LayerNorm.weight]
Loading weights:  50%|█████     | 52/103 [00:00<00:00, 979.28it/s, Materializing param=encoder.layer.2.output.dense.bias]      
Loading weights:  50%|█████     | 52/103 [00:00<00:00, 977.65it/s, Materializing param=encoder.layer.2.output.dense.bias]
Loading weights:  51%|█████▏    | 53/103 [00:00<00:00, 992.21it/s, Materializing param=encoder.layer.2.output.dense.weight]
Loading weights:  51%|█████▏    | 53/103 [00:00<00:00, 989.96it/s, Materializing param=encoder.layer.2.output.dense.weight]
Loading weights:  52%|█████▏    | 54/103 [00:00<00:00, 1005.09it/s, Materializing param=encoder.layer.3.attention.output.LayerNorm.bias]
Loading weights:  52%|█████▏    | 54/103 [00:00<00:00, 1003.20it/s, Materializing param=encoder.layer.3.attention.output.LayerNorm.bias]
Loading weights:  53%|█████▎    | 55/103 [00:00<00:00, 1017.50it/s, Materializing param=encoder.layer.3.attention.output.LayerNorm.weight]
Loading weights:  53%|█████▎    | 55/103 [00:00<00:00, 1015.57it/s, Materializing param=encoder.layer.3.attention.output.LayerNorm.weight]
Loading weights:  54%|█████▍    | 56/103 [00:00<00:00, 1030.37it/s, Materializing param=encoder.layer.3.attention.output.dense.bias]      
Loading weights:  54%|█████▍    | 56/103 [00:00<00:00, 1028.38it/s, Materializing param=encoder.layer.3.attention.output.dense.bias]
Loading weights:  55%|█████▌    | 57/103 [00:00<00:00, 1042.63it/s, Materializing param=encoder.layer.3.attention.output.dense.weight]
Loading weights:  55%|█████▌    | 57/103 [00:00<00:00, 1040.63it/s, Materializing param=encoder.layer.3.attention.output.dense.weight]
Loading weights:  56%|█████▋    | 58/103 [00:00<00:00, 1055.18it/s, Materializing param=encoder.layer.3.attention.self.key.bias]      
Loading weights:  56%|█████▋    | 58/103 [00:00<00:00, 1053.21it/s, Materializing param=encoder.layer.3.attention.self.key.bias]
Loading weights:  57%|█████▋    | 59/103 [00:00<00:00, 1067.87it/s, Materializing param=encoder.layer.3.attention.self.key.weight]
Loading weights:  57%|█████▋    | 59/103 [00:00<00:00, 1065.97it/s, Materializing param=encoder.layer.3.attention.self.key.weight]
Loading weights:  58%|█████▊    | 60/103 [00:00<00:00, 1079.76it/s, Materializing param=encoder.layer.3.attention.self.query.bias]
Loading weights:  58%|█████▊    | 60/103 [00:00<00:00, 1077.48it/s, Materializing param=encoder.layer.3.attention.self.query.bias]
Loading weights:  59%|█████▉    | 61/103 [00:00<00:00, 1091.85it/s, Materializing param=encoder.layer.3.attention.self.query.weight]
Loading weights:  59%|█████▉    | 61/103 [00:00<00:00, 1089.81it/s, Materializing param=encoder.layer.3.attention.self.query.weight]
Loading weights:  60%|██████    | 62/103 [00:00<00:00, 1103.98it/s, Materializing param=encoder.layer.3.attention.self.value.bias]  
Loading weights:  60%|██████    | 62/103 [00:00<00:00, 1102.08it/s, Materializing param=encoder.layer.3.attention.self.value.bias]
Loading weights:  61%|██████    | 63/103 [00:00<00:00, 1115.53it/s, Materializing param=encoder.layer.3.attention.self.value.weight]
Loading weights:  61%|██████    | 63/103 [00:00<00:00, 1113.43it/s, Materializing param=encoder.layer.3.attention.self.value.weight]
Loading weights:  62%|██████▏   | 64/103 [00:00<00:00, 1127.16it/s, Materializing param=encoder.layer.3.intermediate.dense.bias]    
Loading weights:  62%|██████▏   | 64/103 [00:00<00:00, 1124.99it/s, Materializing param=encoder.layer.3.intermediate.dense.bias]
Loading weights:  63%|██████▎   | 65/103 [00:00<00:00, 1139.05it/s, Materializing param=encoder.layer.3.intermediate.dense.weight]
Loading weights:  63%|██████▎   | 65/103 [00:00<00:00, 1137.16it/s, Materializing param=encoder.layer.3.intermediate.dense.weight]
Loading weights:  64%|██████▍   | 66/103 [00:00<00:00, 1150.81it/s, Materializing param=encoder.layer.3.output.LayerNorm.bias]    
Loading weights:  64%|██████▍   | 66/103 [00:00<00:00, 1148.23it/s, Materializing param=encoder.layer.3.output.LayerNorm.bias]
Loading weights:  65%|██████▌   | 67/103 [00:00<00:00, 1161.64it/s, Materializing param=encoder.layer.3.output.LayerNorm.weight]
Loading weights:  65%|██████▌   | 67/103 [00:00<00:00, 1159.71it/s, Materializing param=encoder.layer.3.output.LayerNorm.weight]
Loading weights:  66%|██████▌   | 68/103 [00:00<00:00, 1173.36it/s, Materializing param=encoder.layer.3.output.dense.bias]      
Loading weights:  66%|██████▌   | 68/103 [00:00<00:00, 1171.25it/s, Materializing param=encoder.layer.3.output.dense.bias]
Loading weights:  67%|██████▋   | 69/103 [00:00<00:00, 1184.68it/s, Materializing param=encoder.layer.3.output.dense.weight]
Loading weights:  67%|██████▋   | 69/103 [00:00<00:00, 1182.77it/s, Materializing param=encoder.layer.3.output.dense.weight]
Loading weights:  68%|██████▊   | 70/103 [00:00<00:00, 1195.36it/s, Materializing param=encoder.layer.4.attention.output.LayerNorm.bias]
Loading weights:  68%|██████▊   | 70/103 [00:00<00:00, 1193.01it/s, Materializing param=encoder.layer.4.attention.output.LayerNorm.bias]
Loading weights:  69%|██████▉   | 71/103 [00:00<00:00, 1205.64it/s, Materializing param=encoder.layer.4.attention.output.LayerNorm.weight]
Loading weights:  69%|██████▉   | 71/103 [00:00<00:00, 1203.39it/s, Materializing param=encoder.layer.4.attention.output.LayerNorm.weight]
Loading weights:  70%|██████▉   | 72/103 [00:00<00:00, 1216.37it/s, Materializing param=encoder.layer.4.attention.output.dense.bias]      
Loading weights:  70%|██████▉   | 72/103 [00:00<00:00, 1214.31it/s, Materializing param=encoder.layer.4.attention.output.dense.bias]
Loading weights:  71%|███████   | 73/103 [00:00<00:00, 1226.50it/s, Materializing param=encoder.layer.4.attention.output.dense.weight]
Loading weights:  71%|███████   | 73/103 [00:00<00:00, 1224.32it/s, Materializing param=encoder.layer.4.attention.output.dense.weight]
Loading weights:  72%|███████▏  | 74/103 [00:00<00:00, 1237.13it/s, Materializing param=encoder.layer.4.attention.self.key.bias]      
Loading weights:  72%|███████▏  | 74/103 [00:00<00:00, 1235.21it/s, Materializing param=encoder.layer.4.attention.self.key.bias]
Loading weights:  73%|███████▎  | 75/103 [00:00<00:00, 1248.17it/s, Materializing param=encoder.layer.4.attention.self.key.weight]
Loading weights:  73%|███████▎  | 75/103 [00:00<00:00, 1246.01it/s, Materializing param=encoder.layer.4.attention.self.key.weight]
Loading weights:  74%|███████▍  | 76/103 [00:00<00:00, 1258.49it/s, Materializing param=encoder.layer.4.attention.self.query.bias]
Loading weights:  74%|███████▍  | 76/103 [00:00<00:00, 1256.03it/s, Materializing param=encoder.layer.4.attention.self.query.bias]
Loading weights:  75%|███████▍  | 77/103 [00:00<00:00, 1268.48it/s, Materializing param=encoder.layer.4.attention.self.query.weight]
Loading weights:  75%|███████▍  | 77/103 [00:00<00:00, 1266.48it/s, Materializing param=encoder.layer.4.attention.self.query.weight]
Loading weights:  76%|███████▌  | 78/103 [00:00<00:00, 1279.11it/s, Materializing param=encoder.layer.4.attention.self.value.bias]  
Loading weights:  76%|███████▌  | 78/103 [00:00<00:00, 1276.87it/s, Materializing param=encoder.layer.4.attention.self.value.bias]
Loading weights:  77%|███████▋  | 79/103 [00:00<00:00, 1288.88it/s, Materializing param=encoder.layer.4.attention.self.value.weight]
Loading weights:  77%|███████▋  | 79/103 [00:00<00:00, 1286.37it/s, Materializing param=encoder.layer.4.attention.self.value.weight]
Loading weights:  78%|███████▊  | 80/103 [00:00<00:00, 1298.32it/s, Materializing param=encoder.layer.4.intermediate.dense.bias]    
Loading weights:  78%|███████▊  | 80/103 [00:00<00:00, 1296.20it/s, Materializing param=encoder.layer.4.intermediate.dense.bias]
Loading weights:  79%|███████▊  | 81/103 [00:00<00:00, 1308.25it/s, Materializing param=encoder.layer.4.intermediate.dense.weight]
Loading weights:  79%|███████▊  | 81/103 [00:00<00:00, 1306.08it/s, Materializing param=encoder.layer.4.intermediate.dense.weight]
Loading weights:  80%|███████▉  | 82/103 [00:00<00:00, 1317.98it/s, Materializing param=encoder.layer.4.output.LayerNorm.bias]    
Loading weights:  80%|███████▉  | 82/103 [00:00<00:00, 1315.80it/s, Materializing param=encoder.layer.4.output.LayerNorm.bias]
Loading weights:  81%|████████  | 83/103 [00:00<00:00, 1327.17it/s, Materializing param=encoder.layer.4.output.LayerNorm.weight]
Loading weights:  81%|████████  | 83/103 [00:00<00:00, 1324.94it/s, Materializing param=encoder.layer.4.output.LayerNorm.weight]
Loading weights:  82%|████████▏ | 84/103 [00:00<00:00, 1336.96it/s, Materializing param=encoder.layer.4.output.dense.bias]      
Loading weights:  82%|████████▏ | 84/103 [00:00<00:00, 1334.92it/s, Materializing param=encoder.layer.4.output.dense.bias]
Loading weights:  83%|████████▎ | 85/103 [00:00<00:00, 1346.35it/s, Materializing param=encoder.layer.4.output.dense.weight]
Loading weights:  83%|████████▎ | 85/103 [00:00<00:00, 1343.99it/s, Materializing param=encoder.layer.4.output.dense.weight]
Loading weights:  83%|████████▎ | 86/103 [00:00<00:00, 1355.36it/s, Materializing param=encoder.layer.5.attention.output.LayerNorm.bias]
Loading weights:  83%|████████▎ | 86/103 [00:00<00:00, 1352.84it/s, Materializing param=encoder.layer.5.attention.output.LayerNorm.bias]
Loading weights:  84%|████████▍ | 87/103 [00:00<00:00, 1364.40it/s, Materializing param=encoder.layer.5.attention.output.LayerNorm.weight]
Loading weights:  84%|████████▍ | 87/103 [00:00<00:00, 1362.02it/s, Materializing param=encoder.layer.5.attention.output.LayerNorm.weight]
Loading weights:  85%|████████▌ | 88/103 [00:00<00:00, 1373.72it/s, Materializing param=encoder.layer.5.attention.output.dense.bias]      
Loading weights:  85%|████████▌ | 88/103 [00:00<00:00, 1372.54it/s, Materializing param=encoder.layer.5.attention.output.dense.bias]
Loading weights:  86%|████████▋ | 89/103 [00:00<00:00, 1385.99it/s, Materializing param=encoder.layer.5.attention.output.dense.weight]
Loading weights:  86%|████████▋ | 89/103 [00:00<00:00, 1383.81it/s, Materializing param=encoder.layer.5.attention.output.dense.weight]
Loading weights:  87%|████████▋ | 90/103 [00:00<00:00, 1394.68it/s, Materializing param=encoder.layer.5.attention.self.key.bias]      
Loading weights:  87%|████████▋ | 90/103 [00:00<00:00, 1392.46it/s, Materializing param=encoder.layer.5.attention.self.key.bias]
Loading weights:  88%|████████▊ | 91/103 [00:00<00:00, 1403.50it/s, Materializing param=encoder.layer.5.attention.self.key.weight]
Loading weights:  88%|████████▊ | 91/103 [00:00<00:00, 1401.13it/s, Materializing param=encoder.layer.5.attention.self.key.weight]
Loading weights:  89%|████████▉ | 92/103 [00:00<00:00, 1412.33it/s, Materializing param=encoder.layer.5.attention.self.query.bias]
Loading weights:  89%|████████▉ | 92/103 [00:00<00:00, 1409.89it/s, Materializing param=encoder.layer.5.attention.self.query.bias]
Loading weights:  90%|█████████ | 93/103 [00:00<00:00, 1420.93it/s, Materializing param=encoder.layer.5.attention.self.query.weight]
Loading weights:  90%|█████████ | 93/103 [00:00<00:00, 1418.22it/s, Materializing param=encoder.layer.5.attention.self.query.weight]
Loading weights:  91%|█████████▏| 94/103 [00:00<00:00, 1428.76it/s, Materializing param=encoder.layer.5.attention.self.value.bias]  
Loading weights:  91%|█████████▏| 94/103 [00:00<00:00, 1426.70it/s, Materializing param=encoder.layer.5.attention.self.value.bias]
Loading weights:  92%|█████████▏| 95/103 [00:00<00:00, 1437.29it/s, Materializing param=encoder.layer.5.attention.self.value.weight]
Loading weights:  92%|█████████▏| 95/103 [00:00<00:00, 1435.08it/s, Materializing param=encoder.layer.5.attention.self.value.weight]
Loading weights:  93%|█████████▎| 96/103 [00:00<00:00, 1445.49it/s, Materializing param=encoder.layer.5.intermediate.dense.bias]    
Loading weights:  93%|█████████▎| 96/103 [00:00<00:00, 1442.68it/s, Materializing param=encoder.layer.5.intermediate.dense.bias]
Loading weights:  94%|█████████▍| 97/103 [00:00<00:00, 1453.51it/s, Materializing param=encoder.layer.5.intermediate.dense.weight]
Loading weights:  94%|█████████▍| 97/103 [00:00<00:00, 1451.29it/s, Materializing param=encoder.layer.5.intermediate.dense.weight]
Loading weights:  95%|█████████▌| 98/103 [00:00<00:00, 1461.50it/s, Materializing param=encoder.layer.5.output.LayerNorm.bias]    
Loading weights:  95%|█████████▌| 98/103 [00:00<00:00, 1459.22it/s, Materializing param=encoder.layer.5.output.LayerNorm.bias]
Loading weights:  96%|█████████▌| 99/103 [00:00<00:00, 1469.81it/s, Materializing param=encoder.layer.5.output.LayerNorm.weight]
Loading weights:  96%|█████████▌| 99/103 [00:00<00:00, 1466.95it/s, Materializing param=encoder.layer.5.output.LayerNorm.weight]
Loading weights:  97%|█████████▋| 100/103 [00:00<00:00, 1477.29it/s, Materializing param=encoder.layer.5.output.dense.bias]     
Loading weights:  97%|█████████▋| 100/103 [00:00<00:00, 1474.95it/s, Materializing param=encoder.layer.5.output.dense.bias]
Loading weights:  98%|█████████▊| 101/103 [00:00<00:00, 1485.19it/s, Materializing param=encoder.layer.5.output.dense.weight]
Loading weights:  98%|█████████▊| 101/103 [00:00<00:00, 1482.68it/s, Materializing param=encoder.layer.5.output.dense.weight]
Loading weights:  99%|█████████▉| 102/103 [00:00<00:00, 1494.07it/s, Materializing param=pooler.dense.bias]                  
Loading weights:  99%|█████████▉| 102/103 [00:00<00:00, 1492.03it/s, Materializing param=pooler.dense.bias]
Loading weights: 100%|██████████| 103/103 [00:00<00:00, 1501.94it/s, Materializing param=pooler.dense.weight]
Loading weights: 100%|██████████| 103/103 [00:00<00:00, 1499.98it/s, Materializing param=pooler.dense.weight]
Loading weights: 100%|██████████| 103/103 [00:00<00:00, 1494.75it/s, Materializing param=pooler.dense.weight]
BertModel LOAD REPORT from: sentence-transformers/all-MiniLM-L6-v2
Key                     | Status     |  | 
------------------------+------------+--+-
embeddings.position_ids | UNEXPECTED |  | 

Notes:
- UNEXPECTED	:can be ignored when loading from different task/architecture; not ok if you expect identical arch.
01:55:46 INFO    AMP fp16 ligado (cuda:0) · atenção sdpa
01:55:56 INFO    base sentence-transformers/all-MiniLM-L6-v2 | entre 1000 candidatos: recall@1 0.381 · recall@10 0.739 · MRR 0.501 · nDCG@10 0.552
01:56:25 INFO    passo 50 | perda 1.3680 | 223.3 pares/s | VRAM 1,508 MB
01:56:54 INFO    passo 100 | perda 1.3589 | 222.3 pares/s | VRAM 1,508 MB
01:57:25 INFO    passo 150 | perda 1.3439 | 217.2 pares/s | VRAM 1,508 MB
01:57:58 INFO    passo 200 | perda 1.3125 | 210.4 pares/s | VRAM 1,508 MB
01:58:00 INFO      aval: recall@1 0.406 · recall@10 0.769 · MRR 0.531 · nDCG@10 0.582

Writing model shards:   0%|          | 0/1 [00:00<?, ?it/s]
Writing model shards: 100%|██████████| 1/1 [00:00<00:00,  7.82it/s]
Writing model shards: 100%|██████████| 1/1 [00:00<00:00,  7.80it/s]

Writing model shards:   0%|          | 0/1 [00:00<?, ?it/s]
Writing model shards: 100%|██████████| 1/1 [00:00<00:00,  7.85it/s]
Writing model shards: 100%|██████████| 1/1 [00:00<00:00,  7.84it/s]
01:58:00 INFO      ★ melhor até agora (nDCG@10 0.582) → phiemb-minilm-t4-melhor
01:58:34 INFO    passo 250 | perda 1.2926 | 202.7 pares/s | VRAM 1,508 MB
01:59:07 INFO    passo 300 | perda 1.3069 | 201.6 pares/s | VRAM 1,508 MB
01:59:41 INFO    passo 350 | perda 1.2713 | 199.6 pares/s | VRAM 1,508 MB
02:00:14 INFO    passo 400 | perda 1.2774 | 198.9 pares/s | VRAM 1,508 MB
02:00:15 INFO      aval: recall@1 0.404 · recall@10 0.777 · MRR 0.533 · nDCG@10 0.586

Writing model shards:   0%|          | 0/1 [00:00<?, ?it/s]
Writing model shards: 100%|██████████| 1/1 [00:00<00:00,  5.11it/s]
Writing model shards: 100%|██████████| 1/1 [00:00<00:00,  5.10it/s]

Writing model shards:   0%|          | 0/1 [00:00<?, ?it/s]
Writing model shards: 100%|██████████| 1/1 [00:00<00:00,  5.38it/s]
Writing model shards: 100%|██████████| 1/1 [00:00<00:00,  5.37it/s]
02:00:16 INFO      ★ melhor até agora (nDCG@10 0.586) → phiemb-minilm-t4-melhor
02:00:49 INFO    passo 450 | perda 1.2951 | 196.7 pares/s | VRAM 1,508 MB
02:01:22 INFO    passo 500 | perda 1.2659 | 196.5 pares/s | VRAM 1,508 MB
02:01:56 INFO    passo 550 | perda 1.2476 | 195.7 pares/s | VRAM 1,508 MB
02:02:29 INFO    passo 600 | perda 1.2420 | 195.4 pares/s | VRAM 1,508 MB
02:02:31 INFO      aval: recall@1 0.416 · recall@10 0.778 · MRR 0.541 · nDCG@10 0.592

Writing model shards:   0%|          | 0/1 [00:00<?, ?it/s]
Writing model shards: 100%|██████████| 1/1 [00:00<00:00,  5.21it/s]
Writing model shards: 100%|██████████| 1/1 [00:00<00:00,  5.20it/s]

Writing model shards:   0%|          | 0/1 [00:00<?, ?it/s]
Writing model shards: 100%|██████████| 1/1 [00:00<00:00,  5.30it/s]
Writing model shards: 100%|██████████| 1/1 [00:00<00:00,  5.29it/s]
02:02:31 INFO      ★ melhor até agora (nDCG@10 0.592) → phiemb-minilm-t4-melhor
02:03:05 INFO    passo 650 | perda 1.2551 | 194.1 pares/s | VRAM 1,508 MB
02:03:38 INFO    passo 700 | perda 1.1880 | 194.0 pares/s | VRAM 1,508 MB
02:04:12 INFO    passo 750 | perda 1.2085 | 193.7 pares/s | VRAM 1,508 MB
02:04:45 INFO    passo 800 | perda 1.1973 | 193.7 pares/s | VRAM 1,508 MB
02:04:47 INFO      aval: recall@1 0.412 · recall@10 0.792 · MRR 0.541 · nDCG@10 0.595

Writing model shards:   0%|          | 0/1 [00:00<?, ?it/s]
Writing model shards: 100%|██████████| 1/1 [00:00<00:00,  5.05it/s]
Writing model shards: 100%|██████████| 1/1 [00:00<00:00,  5.04it/s]

Writing model shards:   0%|          | 0/1 [00:00<?, ?it/s]
Writing model shards: 100%|██████████| 1/1 [00:00<00:00,  5.23it/s]
Writing model shards: 100%|██████████| 1/1 [00:00<00:00,  5.23it/s]
02:04:47 INFO      ★ melhor até agora (nDCG@10 0.595) → phiemb-minilm-t4-melhor
02:05:21 INFO    passo 850 | perda 1.2137 | 192.7 pares/s | VRAM 1,508 MB
02:05:54 INFO    passo 900 | perda 1.1796 | 192.8 pares/s | VRAM 1,508 MB
02:06:28 INFO    passo 950 | perda 1.2011 | 192.6 pares/s | VRAM 1,508 MB
02:07:01 INFO    passo 1000 | perda 1.1924 | 192.6 pares/s | VRAM 1,508 MB
02:07:02 INFO      aval: recall@1 0.415 · recall@10 0.791 · MRR 0.544 · nDCG@10 0.598

Writing model shards:   0%|          | 0/1 [00:00<?, ?it/s]
Writing model shards: 100%|██████████| 1/1 [00:00<00:00,  4.99it/s]
Writing model shards: 100%|██████████| 1/1 [00:00<00:00,  4.99it/s]

Writing model shards:   0%|          | 0/1 [00:00<?, ?it/s]
Writing model shards: 100%|██████████| 1/1 [00:00<00:00,  5.04it/s]
Writing model shards: 100%|██████████| 1/1 [00:00<00:00,  5.03it/s]
02:07:03 INFO      ★ melhor até agora (nDCG@10 0.598) → phiemb-minilm-t4-melhor
02:07:37 INFO    passo 1050 | perda 1.1692 | 191.9 pares/s | VRAM 1,508 MB
02:08:10 INFO    passo 1100 | perda 1.1924 | 191.9 pares/s | VRAM 1,508 MB
02:08:44 INFO    passo 1150 | perda 1.1806 | 191.8 pares/s | VRAM 1,508 MB
02:09:17 INFO    passo 1200 | perda 1.1416 | 191.8 pares/s | VRAM 1,508 MB
02:09:19 INFO      aval: recall@1 0.406 · recall@10 0.797 · MRR 0.546 · nDCG@10 0.600

Writing model shards:   0%|          | 0/1 [00:00<?, ?it/s]
Writing model shards: 100%|██████████| 1/1 [00:00<00:00,  5.20it/s]
Writing model shards: 100%|██████████| 1/1 [00:00<00:00,  5.20it/s]

Writing model shards:   0%|          | 0/1 [00:00<?, ?it/s]
Writing model shards: 100%|██████████| 1/1 [00:00<00:00,  5.22it/s]
Writing model shards: 100%|██████████| 1/1 [00:00<00:00,  5.21it/s]
02:09:19 INFO      ★ melhor até agora (nDCG@10 0.600) → phiemb-minilm-t4-melhor
02:09:53 INFO    passo 1250 | perda 1.1528 | 191.3 pares/s | VRAM 1,508 MB
02:10:26 INFO    passo 1300 | perda 1.1461 | 191.4 pares/s | VRAM 1,508 MB
02:11:00 INFO    passo 1350 | perda 1.1709 | 191.3 pares/s | VRAM 1,508 MB
02:11:33 INFO    passo 1400 | perda 1.1662 | 191.3 pares/s | VRAM 1,508 MB
02:11:34 INFO      aval: recall@1 0.421 · recall@10 0.802 · MRR 0.550 · nDCG@10 0.605

Writing model shards:   0%|          | 0/1 [00:00<?, ?it/s]
Writing model shards: 100%|██████████| 1/1 [00:00<00:00,  5.21it/s]
Writing model shards: 100%|██████████| 1/1 [00:00<00:00,  5.20it/s]

Writing model shards:   0%|          | 0/1 [00:00<?, ?it/s]
Writing model shards: 100%|██████████| 1/1 [00:00<00:00,  5.87it/s]
Writing model shards: 100%|██████████| 1/1 [00:00<00:00,  5.87it/s]
02:11:35 INFO      ★ melhor até agora (nDCG@10 0.605) → phiemb-minilm-t4-melhor
02:12:09 INFO    passo 1450 | perda 1.1771 | 190.9 pares/s | VRAM 1,508 MB
02:12:42 INFO    passo 1500 | perda 1.1643 | 191.0 pares/s | VRAM 1,508 MB
02:13:16 INFO    passo 1550 | perda 1.1708 | 190.9 pares/s | VRAM 1,508 MB
02:13:49 INFO    passo 1600 | perda 1.1436 | 190.9 pares/s | VRAM 1,508 MB
02:13:50 INFO      aval: recall@1 0.424 · recall@10 0.809 · MRR 0.555 · nDCG@10 0.611

Writing model shards:   0%|          | 0/1 [00:00<?, ?it/s]
Writing model shards: 100%|██████████| 1/1 [00:00<00:00,  5.31it/s]
Writing model shards: 100%|██████████| 1/1 [00:00<00:00,  5.30it/s]

Writing model shards:   0%|          | 0/1 [00:00<?, ?it/s]
Writing model shards: 100%|██████████| 1/1 [00:00<00:00,  5.24it/s]
Writing model shards: 100%|██████████| 1/1 [00:00<00:00,  5.24it/s]
02:13:51 INFO      ★ melhor até agora (nDCG@10 0.611) → phiemb-minilm-t4-melhor
02:14:25 INFO    passo 1650 | perda 1.1220 | 190.5 pares/s | VRAM 1,508 MB
02:14:58 INFO    passo 1700 | perda 1.1485 | 190.6 pares/s | VRAM 1,508 MB
02:15:32 INFO    passo 1750 | perda 1.1561 | 190.6 pares/s | VRAM 1,508 MB
02:16:05 INFO    passo 1800 | perda 1.1086 | 190.6 pares/s | VRAM 1,508 MB
02:16:06 INFO      aval: recall@1 0.420 · recall@10 0.800 · MRR 0.553 · nDCG@10 0.606

Writing model shards:   0%|          | 0/1 [00:00<?, ?it/s]
Writing model shards: 100%|██████████| 1/1 [00:00<00:00,  5.07it/s]
Writing model shards: 100%|██████████| 1/1 [00:00<00:00,  5.07it/s]
02:16:41 INFO    passo 1850 | perda 1.1218 | 190.3 pares/s | VRAM 1,508 MB
02:17:14 INFO    passo 1900 | perda 1.1539 | 190.4 pares/s | VRAM 1,508 MB
02:17:48 INFO    passo 1950 | perda 1.1303 | 190.3 pares/s | VRAM 1,508 MB
02:18:21 INFO    passo 2000 | perda 1.1396 | 190.4 pares/s | VRAM 1,508 MB
02:18:22 INFO      aval: recall@1 0.419 · recall@10 0.804 · MRR 0.555 · nDCG@10 0.610

Writing model shards:   0%|          | 0/1 [00:00<?, ?it/s]
Writing model shards: 100%|██████████| 1/1 [00:00<00:00,  5.19it/s]
Writing model shards: 100%|██████████| 1/1 [00:00<00:00,  5.18it/s]
02:18:56 INFO    passo 2050 | perda 1.1154 | 190.2 pares/s | VRAM 1,508 MB
02:19:30 INFO    passo 2100 | perda 1.0869 | 190.2 pares/s | VRAM 1,508 MB
02:20:04 INFO    passo 2150 | perda 1.0928 | 190.2 pares/s | VRAM 1,508 MB
02:20:36 INFO    passo 2200 | perda 1.1312 | 190.3 pares/s | VRAM 1,508 MB
02:20:38 INFO      aval: recall@1 0.417 · recall@10 0.808 · MRR 0.554 · nDCG@10 0.610

Writing model shards:   0%|          | 0/1 [00:00<?, ?it/s]
Writing model shards: 100%|██████████| 1/1 [00:00<00:00,  5.28it/s]
Writing model shards: 100%|██████████| 1/1 [00:00<00:00,  5.28it/s]
02:21:11 INFO    passo 2250 | perda 1.1055 | 190.1 pares/s | VRAM 1,508 MB
02:21:45 INFO    passo 2300 | perda 1.1191 | 190.1 pares/s | VRAM 1,508 MB
02:22:19 INFO    passo 2350 | perda 1.0965 | 190.1 pares/s | VRAM 1,508 MB
02:22:52 INFO    passo 2400 | perda 1.1027 | 190.2 pares/s | VRAM 1,508 MB
02:22:53 INFO      aval: recall@1 0.417 · recall@10 0.804 · MRR 0.554 · nDCG@10 0.608

Writing model shards:   0%|          | 0/1 [00:00<?, ?it/s]
Writing model shards: 100%|██████████| 1/1 [00:00<00:00,  5.05it/s]
Writing model shards: 100%|██████████| 1/1 [00:00<00:00,  5.04it/s]
02:23:27 INFO    passo 2450 | perda 1.1131 | 190.0 pares/s | VRAM 1,508 MB
02:24:00 INFO    passo 2500 | perda 1.0831 | 190.0 pares/s | VRAM 1,508 MB
02:24:34 INFO    passo 2550 | perda 1.1116 | 190.0 pares/s | VRAM 1,508 MB
02:25:07 INFO    passo 2600 | perda 1.1036 | 190.1 pares/s | VRAM 1,508 MB
02:25:08 INFO      aval: recall@1 0.426 · recall@10 0.806 · MRR 0.560 · nDCG@10 0.614

Writing model shards:   0%|          | 0/1 [00:00<?, ?it/s]
Writing model shards: 100%|██████████| 1/1 [00:00<00:00,  5.18it/s]
Writing model shards: 100%|██████████| 1/1 [00:00<00:00,  5.17it/s]

Writing model shards:   0%|          | 0/1 [00:00<?, ?it/s]
Writing model shards: 100%|██████████| 1/1 [00:00<00:00,  6.06it/s]
Writing model shards: 100%|██████████| 1/1 [00:00<00:00,  6.05it/s]
02:25:09 INFO      ★ melhor até agora (nDCG@10 0.614) → phiemb-minilm-t4-melhor
02:25:43 INFO    passo 2650 | perda 1.0714 | 189.9 pares/s | VRAM 1,508 MB
02:26:16 INFO    passo 2700 | perda 1.0655 | 189.9 pares/s | VRAM 1,508 MB
02:26:50 INFO    passo 2750 | perda 1.0963 | 190.0 pares/s | VRAM 1,508 MB
02:27:22 INFO    passo 2800 | perda 1.0495 | 190.0 pares/s | VRAM 1,508 MB
02:27:24 INFO      aval: recall@1 0.428 · recall@10 0.810 · MRR 0.562 · nDCG@10 0.616

Writing model shards:   0%|          | 0/1 [00:00<?, ?it/s]
Writing model shards: 100%|██████████| 1/1 [00:00<00:00,  5.13it/s]
Writing model shards: 100%|██████████| 1/1 [00:00<00:00,  5.13it/s]

Writing model shards:   0%|          | 0/1 [00:00<?, ?it/s]
Writing model shards: 100%|██████████| 1/1 [00:00<00:00,  4.97it/s]
Writing model shards: 100%|██████████| 1/1 [00:00<00:00,  4.96it/s]
02:27:24 INFO      ★ melhor até agora (nDCG@10 0.616) → phiemb-minilm-t4-melhor
02:27:58 INFO    passo 2850 | perda 1.1011 | 189.8 pares/s | VRAM 1,508 MB
02:28:31 INFO    passo 2900 | perda 1.0754 | 189.9 pares/s | VRAM 1,508 MB
02:29:05 INFO    passo 2950 | perda 1.0594 | 189.9 pares/s | VRAM 1,508 MB
02:29:39 INFO    passo 3000 | perda 1.0725 | 189.9 pares/s | VRAM 1,508 MB
02:29:40 INFO      aval: recall@1 0.426 · recall@10 0.815 · MRR 0.559 · nDCG@10 0.615

Writing model shards:   0%|          | 0/1 [00:00<?, ?it/s]
Writing model shards: 100%|██████████| 1/1 [00:00<00:00,  5.16it/s]
Writing model shards: 100%|██████████| 1/1 [00:00<00:00,  5.15it/s]
02:30:14 INFO    passo 3050 | perda 1.0761 | 189.7 pares/s | VRAM 1,508 MB
02:30:47 INFO    passo 3100 | perda 1.0790 | 189.8 pares/s | VRAM 1,508 MB
02:31:21 INFO    passo 3150 | perda 1.0652 | 189.8 pares/s | VRAM 1,508 MB
02:31:54 INFO    passo 3200 | perda 1.0925 | 189.9 pares/s | VRAM 1,508 MB
02:31:55 INFO      aval: recall@1 0.434 · recall@10 0.823 · MRR 0.567 · nDCG@10 0.623

Writing model shards:   0%|          | 0/1 [00:00<?, ?it/s]
Writing model shards: 100%|██████████| 1/1 [00:00<00:00,  5.34it/s]
Writing model shards: 100%|██████████| 1/1 [00:00<00:00,  5.34it/s]

Writing model shards:   0%|          | 0/1 [00:00<?, ?it/s]
Writing model shards: 100%|██████████| 1/1 [00:00<00:00,  5.09it/s]
Writing model shards: 100%|██████████| 1/1 [00:00<00:00,  5.08it/s]
02:31:56 INFO      ★ melhor até agora (nDCG@10 0.623) → phiemb-minilm-t4-melhor
02:32:30 INFO    passo 3250 | perda 1.0410 | 189.7 pares/s | VRAM 1,508 MB
02:33:03 INFO    passo 3300 | perda 1.0651 | 189.7 pares/s | VRAM 1,508 MB
02:33:37 INFO    passo 3350 | perda 1.0422 | 189.7 pares/s | VRAM 1,508 MB
02:34:10 INFO    passo 3400 | perda 1.0529 | 189.8 pares/s | VRAM 1,508 MB
02:34:11 INFO      aval: recall@1 0.431 · recall@10 0.817 · MRR 0.564 · nDCG@10 0.619

Writing model shards:   0%|          | 0/1 [00:00<?, ?it/s]
Writing model shards: 100%|██████████| 1/1 [00:00<00:00,  5.19it/s]
Writing model shards: 100%|██████████| 1/1 [00:00<00:00,  5.19it/s]
02:34:45 INFO    passo 3450 | perda 1.0710 | 189.6 pares/s | VRAM 1,508 MB
02:35:18 INFO    passo 3500 | perda 1.0925 | 189.7 pares/s | VRAM 1,508 MB
02:35:52 INFO    passo 3550 | perda 1.0365 | 189.7 pares/s | VRAM 1,508 MB
02:36:25 INFO    passo 3600 | perda 1.0417 | 189.7 pares/s | VRAM 1,508 MB
02:36:26 INFO      aval: recall@1 0.433 · recall@10 0.815 · MRR 0.570 · nDCG@10 0.623

Writing model shards:   0%|          | 0/1 [00:00<?, ?it/s]
Writing model shards: 100%|██████████| 1/1 [00:00<00:00,  4.99it/s]
Writing model shards: 100%|██████████| 1/1 [00:00<00:00,  4.98it/s]
02:37:00 INFO    passo 3650 | perda 1.0291 | 189.6 pares/s | VRAM 1,508 MB
02:37:33 INFO    passo 3700 | perda 1.0355 | 189.7 pares/s | VRAM 1,508 MB
02:38:07 INFO    passo 3750 | perda 1.0502 | 189.7 pares/s | VRAM 1,508 MB
02:38:40 INFO    passo 3800 | perda 1.0339 | 189.7 pares/s | VRAM 1,508 MB
02:38:41 INFO      aval: recall@1 0.428 · recall@10 0.813 · MRR 0.564 · nDCG@10 0.618

Writing model shards:   0%|          | 0/1 [00:00<?, ?it/s]
Writing model shards: 100%|██████████| 1/1 [00:00<00:00,  4.89it/s]
Writing model shards: 100%|██████████| 1/1 [00:00<00:00,  4.89it/s]
02:39:15 INFO    passo 3850 | perda 1.0580 | 189.6 pares/s | VRAM 1,508 MB
02:39:48 INFO    passo 3900 | perda 1.0080 | 189.7 pares/s | VRAM 1,508 MB
02:40:22 INFO    passo 3950 | perda 1.0284 | 189.7 pares/s | VRAM 1,508 MB
02:40:55 INFO    passo 4000 | perda 0.9923 | 189.7 pares/s | VRAM 1,508 MB
02:40:57 INFO      aval: recall@1 0.434 · recall@10 0.817 · MRR 0.569 · nDCG@10 0.623

Writing model shards:   0%|          | 0/1 [00:00<?, ?it/s]
Writing model shards: 100%|██████████| 1/1 [00:00<00:00,  5.21it/s]
Writing model shards: 100%|██████████| 1/1 [00:00<00:00,  5.20it/s]
02:41:31 INFO    passo 4050 | perda 1.0124 | 189.6 pares/s | VRAM 1,508 MB
02:42:04 INFO    passo 4100 | perda 1.0468 | 189.6 pares/s | VRAM 1,508 MB
02:42:38 INFO    passo 4150 | perda 1.0310 | 189.6 pares/s | VRAM 1,508 MB
02:43:11 INFO    passo 4200 | perda 1.0659 | 189.7 pares/s | VRAM 1,508 MB
02:43:12 INFO      aval: recall@1 0.431 · recall@10 0.812 · MRR 0.567 · nDCG@10 0.621

Writing model shards:   0%|          | 0/1 [00:00<?, ?it/s]
Writing model shards: 100%|██████████| 1/1 [00:00<00:00,  5.08it/s]
Writing model shards: 100%|██████████| 1/1 [00:00<00:00,  5.08it/s]
02:43:46 INFO    passo 4250 | perda 1.0249 | 189.6 pares/s | VRAM 1,508 MB
02:44:19 INFO    passo 4300 | perda 1.0063 | 189.6 pares/s | VRAM 1,508 MB
02:44:53 INFO    passo 4350 | perda 1.0158 | 189.6 pares/s | VRAM 1,508 MB
02:45:26 INFO    passo 4400 | perda 1.0468 | 189.6 pares/s | VRAM 1,508 MB
02:45:28 INFO      aval: recall@1 0.437 · recall@10 0.815 · MRR 0.570 · nDCG@10 0.623

Writing model shards:   0%|          | 0/1 [00:00<?, ?it/s]
Writing model shards: 100%|██████████| 1/1 [00:00<00:00,  5.01it/s]
Writing model shards: 100%|██████████| 1/1 [00:00<00:00,  5.00it/s]
02:46:02 INFO    passo 4450 | perda 1.0129 | 189.5 pares/s | VRAM 1,508 MB
02:46:35 INFO    passo 4500 | perda 1.0160 | 189.6 pares/s | VRAM 1,508 MB
02:47:09 INFO    passo 4550 | perda 1.0132 | 189.6 pares/s | VRAM 1,508 MB
02:47:41 INFO    passo 4600 | perda 1.0166 | 189.6 pares/s | VRAM 1,508 MB
02:47:43 INFO      aval: recall@1 0.437 · recall@10 0.817 · MRR 0.570 · nDCG@10 0.624

Writing model shards:   0%|          | 0/1 [00:00<?, ?it/s]
Writing model shards: 100%|██████████| 1/1 [00:00<00:00,  5.13it/s]
Writing model shards: 100%|██████████| 1/1 [00:00<00:00,  5.12it/s]

Writing model shards:   0%|          | 0/1 [00:00<?, ?it/s]
Writing model shards: 100%|██████████| 1/1 [00:00<00:00,  4.92it/s]
Writing model shards: 100%|██████████| 1/1 [00:00<00:00,  4.92it/s]
02:47:43 INFO      ★ melhor até agora (nDCG@10 0.624) → phiemb-minilm-t4-melhor
02:48:17 INFO    passo 4650 | perda 1.0464 | 189.5 pares/s | VRAM 1,508 MB
02:48:50 INFO    passo 4700 | perda 1.0296 | 189.6 pares/s | VRAM 1,508 MB
02:49:24 INFO    passo 4750 | perda 1.0290 | 189.6 pares/s | VRAM 1,508 MB
02:49:57 INFO    passo 4800 | perda 1.0061 | 189.6 pares/s | VRAM 1,508 MB
02:49:58 INFO      aval: recall@1 0.437 · recall@10 0.822 · MRR 0.570 · nDCG@10 0.625

Writing model shards:   0%|          | 0/1 [00:00<?, ?it/s]
Writing model shards: 100%|██████████| 1/1 [00:00<00:00,  5.17it/s]
Writing model shards: 100%|██████████| 1/1 [00:00<00:00,  5.16it/s]

Writing model shards:   0%|          | 0/1 [00:00<?, ?it/s]
Writing model shards: 100%|██████████| 1/1 [00:00<00:00,  5.22it/s]
Writing model shards: 100%|██████████| 1/1 [00:00<00:00,  5.21it/s]
02:49:59 INFO      ★ melhor até agora (nDCG@10 0.625) → phiemb-minilm-t4-melhor
02:50:33 INFO    passo 4850 | perda 1.0427 | 189.5 pares/s | VRAM 1,508 MB
02:51:06 INFO    passo 4900 | perda 1.0380 | 189.5 pares/s | VRAM 1,508 MB
02:51:40 INFO    passo 4950 | perda 1.0338 | 189.5 pares/s | VRAM 1,508 MB
02:52:13 INFO    passo 5000 | perda 0.9872 | 189.5 pares/s | VRAM 1,508 MB
02:52:14 INFO      aval: recall@1 0.438 · recall@10 0.823 · MRR 0.571 · nDCG@10 0.626

Writing model shards:   0%|          | 0/1 [00:00<?, ?it/s]
Writing model shards: 100%|██████████| 1/1 [00:00<00:00,  4.84it/s]
Writing model shards: 100%|██████████| 1/1 [00:00<00:00,  4.83it/s]

Writing model shards:   0%|          | 0/1 [00:00<?, ?it/s]
Writing model shards: 100%|██████████| 1/1 [00:00<00:00,  5.04it/s]
Writing model shards: 100%|██████████| 1/1 [00:00<00:00,  5.03it/s]
02:52:15 INFO      ★ melhor até agora (nDCG@10 0.626) → phiemb-minilm-t4-melhor
02:52:49 INFO    passo 5050 | perda 1.0016 | 189.4 pares/s | VRAM 1,508 MB
02:53:22 INFO    passo 5100 | perda 1.0002 | 189.5 pares/s | VRAM 1,508 MB
02:53:56 INFO    passo 5150 | perda 1.0279 | 189.4 pares/s | VRAM 1,508 MB
02:54:29 INFO    passo 5200 | perda 1.0096 | 189.5 pares/s | VRAM 1,508 MB
02:54:31 INFO      aval: recall@1 0.444 · recall@10 0.831 · MRR 0.576 · nDCG@10 0.632

Writing model shards:   0%|          | 0/1 [00:00<?, ?it/s]
Writing model shards: 100%|██████████| 1/1 [00:00<00:00,  5.03it/s]
Writing model shards: 100%|██████████| 1/1 [00:00<00:00,  5.02it/s]

Writing model shards:   0%|          | 0/1 [00:00<?, ?it/s]
Writing model shards: 100%|██████████| 1/1 [00:00<00:00,  5.55it/s]
Writing model shards: 100%|██████████| 1/1 [00:00<00:00,  5.54it/s]
02:54:31 INFO      ★ melhor até agora (nDCG@10 0.632) → phiemb-minilm-t4-melhor
02:55:05 INFO    passo 5250 | perda 1.0253 | 189.4 pares/s | VRAM 1,508 MB
02:55:38 INFO    passo 5300 | perda 1.0081 | 189.4 pares/s | VRAM 1,508 MB
02:56:12 INFO    passo 5350 | perda 0.9968 | 189.4 pares/s | VRAM 1,508 MB
02:56:45 INFO    passo 5400 | perda 0.9765 | 189.4 pares/s | VRAM 1,508 MB
02:56:46 INFO      aval: recall@1 0.436 · recall@10 0.824 · MRR 0.573 · nDCG@10 0.628

Writing model shards:   0%|          | 0/1 [00:00<?, ?it/s]
Writing model shards: 100%|██████████| 1/1 [00:00<00:00,  5.10it/s]
Writing model shards: 100%|██████████| 1/1 [00:00<00:00,  5.09it/s]
02:57:21 INFO    passo 5450 | perda 0.9965 | 189.4 pares/s | VRAM 1,508 MB
02:57:54 INFO    passo 5500 | perda 1.0068 | 189.4 pares/s | VRAM 1,508 MB
02:58:27 INFO    passo 5550 | perda 1.0059 | 189.4 pares/s | VRAM 1,508 MB
02:59:00 INFO    passo 5600 | perda 0.9674 | 189.4 pares/s | VRAM 1,508 MB
02:59:02 INFO      aval: recall@1 0.442 · recall@10 0.827 · MRR 0.575 · nDCG@10 0.630

Writing model shards:   0%|          | 0/1 [00:00<?, ?it/s]
Writing model shards: 100%|██████████| 1/1 [00:00<00:00,  4.79it/s]
Writing model shards: 100%|██████████| 1/1 [00:00<00:00,  4.79it/s]
02:59:36 INFO    passo 5650 | perda 0.9699 | 189.4 pares/s | VRAM 1,508 MB
03:00:09 INFO    passo 5700 | perda 0.9878 | 189.4 pares/s | VRAM 1,508 MB
03:00:43 INFO    passo 5750 | perda 0.9986 | 189.4 pares/s | VRAM 1,508 MB
03:01:16 INFO    passo 5800 | perda 0.9830 | 189.4 pares/s | VRAM 1,508 MB
03:01:17 INFO      aval: recall@1 0.445 · recall@10 0.838 · MRR 0.578 · nDCG@10 0.636

Writing model shards:   0%|          | 0/1 [00:00<?, ?it/s]
Writing model shards: 100%|██████████| 1/1 [00:00<00:00,  5.11it/s]
Writing model shards: 100%|██████████| 1/1 [00:00<00:00,  5.11it/s]

Writing model shards:   0%|          | 0/1 [00:00<?, ?it/s]
Writing model shards: 100%|██████████| 1/1 [00:00<00:00,  4.93it/s]
Writing model shards: 100%|██████████| 1/1 [00:00<00:00,  4.92it/s]
03:01:18 INFO      ★ melhor até agora (nDCG@10 0.636) → phiemb-minilm-t4-melhor
03:01:52 INFO    passo 5850 | perda 1.0015 | 189.3 pares/s | VRAM 1,508 MB
03:02:25 INFO    passo 5900 | perda 1.0080 | 189.3 pares/s | VRAM 1,508 MB
03:02:59 INFO    passo 5950 | perda 0.9921 | 189.3 pares/s | VRAM 1,508 MB
03:03:32 INFO    passo 6000 | perda 0.9832 | 189.4 pares/s | VRAM 1,508 MB
03:03:33 INFO      aval: recall@1 0.444 · recall@10 0.828 · MRR 0.578 · nDCG@10 0.633

Writing model shards:   0%|          | 0/1 [00:00<?, ?it/s]
Writing model shards: 100%|██████████| 1/1 [00:00<00:00,  5.36it/s]
Writing model shards: 100%|██████████| 1/1 [00:00<00:00,  5.36it/s]
03:04:07 INFO    passo 6050 | perda 0.9629 | 189.3 pares/s | VRAM 1,508 MB
03:04:41 INFO    passo 6100 | perda 0.9955 | 189.3 pares/s | VRAM 1,508 MB
03:05:15 INFO    passo 6150 | perda 0.9899 | 189.3 pares/s | VRAM 1,508 MB
03:05:48 INFO    passo 6200 | perda 0.9772 | 189.3 pares/s | VRAM 1,508 MB
03:05:49 INFO      aval: recall@1 0.439 · recall@10 0.834 · MRR 0.575 · nDCG@10 0.632

Writing model shards:   0%|          | 0/1 [00:00<?, ?it/s]
Writing model shards: 100%|██████████| 1/1 [00:00<00:00,  5.34it/s]
Writing model shards: 100%|██████████| 1/1 [00:00<00:00,  5.34it/s]
03:06:23 INFO    passo 6250 | perda 0.9973 | 189.3 pares/s | VRAM 1,508 MB
03:06:57 INFO    passo 6300 | perda 0.9884 | 189.3 pares/s | VRAM 1,508 MB
03:07:30 INFO    passo 6350 | perda 0.9723 | 189.3 pares/s | VRAM 1,508 MB
03:08:04 INFO    passo 6400 | perda 0.9748 | 189.3 pares/s | VRAM 1,508 MB
03:08:05 INFO      aval: recall@1 0.433 · recall@10 0.836 · MRR 0.572 · nDCG@10 0.631

Writing model shards:   0%|          | 0/1 [00:00<?, ?it/s]
Writing model shards: 100%|██████████| 1/1 [00:00<00:00,  5.46it/s]
Writing model shards: 100%|██████████| 1/1 [00:00<00:00,  5.45it/s]
03:08:39 INFO    passo 6450 | perda 0.9851 | 189.2 pares/s | VRAM 1,508 MB
03:09:12 INFO    passo 6500 | perda 0.9717 | 189.3 pares/s | VRAM 1,508 MB
03:09:46 INFO    passo 6550 | perda 0.9525 | 189.3 pares/s | VRAM 1,508 MB
03:10:19 INFO    passo 6600 | perda 0.9942 | 189.3 pares/s | VRAM 1,508 MB
03:10:21 INFO      aval: recall@1 0.433 · recall@10 0.835 · MRR 0.574 · nDCG@10 0.632

Writing model shards:   0%|          | 0/1 [00:00<?, ?it/s]
Writing model shards: 100%|██████████| 1/1 [00:00<00:00,  4.88it/s]
Writing model shards: 100%|██████████| 1/1 [00:00<00:00,  4.87it/s]
03:10:55 INFO    passo 6650 | perda 0.9592 | 189.2 pares/s | VRAM 1,508 MB
03:11:28 INFO    passo 6700 | perda 0.9510 | 189.2 pares/s | VRAM 1,508 MB
03:12:02 INFO    passo 6750 | perda 0.9870 | 189.3 pares/s | VRAM 1,508 MB
03:12:35 INFO    passo 6800 | perda 0.9810 | 189.3 pares/s | VRAM 1,508 MB
03:12:36 INFO      aval: recall@1 0.439 · recall@10 0.840 · MRR 0.576 · nDCG@10 0.635

Writing model shards:   0%|          | 0/1 [00:00<?, ?it/s]
Writing model shards: 100%|██████████| 1/1 [00:00<00:00,  5.42it/s]
Writing model shards: 100%|██████████| 1/1 [00:00<00:00,  5.41it/s]
03:13:10 INFO    passo 6850 | perda 0.9557 | 189.2 pares/s | VRAM 1,508 MB
03:13:43 INFO    passo 6900 | perda 0.9573 | 189.3 pares/s | VRAM 1,508 MB
03:14:17 INFO    passo 6950 | perda 0.9850 | 189.3 pares/s | VRAM 1,508 MB
03:14:50 INFO    passo 7000 | perda 0.9644 | 189.3 pares/s | VRAM 1,508 MB
03:14:51 INFO      aval: recall@1 0.448 · recall@10 0.831 · MRR 0.581 · nDCG@10 0.636

Writing model shards:   0%|          | 0/1 [00:00<?, ?it/s]
Writing model shards: 100%|██████████| 1/1 [00:00<00:00,  5.15it/s]
Writing model shards: 100%|██████████| 1/1 [00:00<00:00,  5.14it/s]

Writing model shards:   0%|          | 0/1 [00:00<?, ?it/s]
Writing model shards: 100%|██████████| 1/1 [00:00<00:00,  5.52it/s]
Writing model shards: 100%|██████████| 1/1 [00:00<00:00,  5.51it/s]
03:14:52 INFO      ★ melhor até agora (nDCG@10 0.636) → phiemb-minilm-t4-melhor
03:15:26 INFO    passo 7050 | perda 0.9749 | 189.2 pares/s | VRAM 1,508 MB
03:15:59 INFO    passo 7100 | perda 0.9537 | 189.2 pares/s | VRAM 1,508 MB
03:16:32 INFO    passo 7150 | perda 0.9887 | 189.3 pares/s | VRAM 1,508 MB
03:17:05 INFO    passo 7200 | perda 0.9983 | 189.3 pares/s | VRAM 1,508 MB
03:17:07 INFO      aval: recall@1 0.449 · recall@10 0.829 · MRR 0.581 · nDCG@10 0.635

Writing model shards:   0%|          | 0/1 [00:00<?, ?it/s]
Writing model shards: 100%|██████████| 1/1 [00:00<00:00,  5.21it/s]
Writing model shards: 100%|██████████| 1/1 [00:00<00:00,  5.21it/s]
03:17:41 INFO    passo 7250 | perda 0.9901 | 189.2 pares/s | VRAM 1,508 MB
03:18:14 INFO    passo 7300 | perda 0.9788 | 189.2 pares/s | VRAM 1,508 MB
03:18:48 INFO    passo 7350 | perda 0.9768 | 189.3 pares/s | VRAM 1,508 MB
03:19:20 INFO    passo 7400 | perda 0.9734 | 189.3 pares/s | VRAM 1,508 MB
03:19:22 INFO      aval: recall@1 0.450 · recall@10 0.833 · MRR 0.582 · nDCG@10 0.637

Writing model shards:   0%|          | 0/1 [00:00<?, ?it/s]
Writing model shards: 100%|██████████| 1/1 [00:00<00:00,  5.22it/s]
Writing model shards: 100%|██████████| 1/1 [00:00<00:00,  5.21it/s]

Writing model shards:   0%|          | 0/1 [00:00<?, ?it/s]
Writing model shards: 100%|██████████| 1/1 [00:00<00:00,  5.29it/s]
Writing model shards: 100%|██████████| 1/1 [00:00<00:00,  5.29it/s]
03:19:22 INFO      ★ melhor até agora (nDCG@10 0.637) → phiemb-minilm-t4-melhor
03:19:56 INFO    passo 7450 | perda 0.9655 | 189.2 pares/s | VRAM 1,508 MB
03:20:30 INFO    passo 7500 | perda 0.9761 | 189.2 pares/s | VRAM 1,508 MB
03:21:03 INFO    passo 7550 | perda 0.9568 | 189.2 pares/s | VRAM 1,508 MB
03:21:36 INFO    passo 7600 | perda 0.9783 | 189.3 pares/s | VRAM 1,508 MB
03:21:38 INFO      aval: recall@1 0.460 · recall@10 0.836 · MRR 0.587 · nDCG@10 0.642

Writing model shards:   0%|          | 0/1 [00:00<?, ?it/s]
Writing model shards: 100%|██████████| 1/1 [00:00<00:00,  4.84it/s]
Writing model shards: 100%|██████████| 1/1 [00:00<00:00,  4.83it/s]

Writing model shards:   0%|          | 0/1 [00:00<?, ?it/s]
Writing model shards: 100%|██████████| 1/1 [00:00<00:00,  5.65it/s]
Writing model shards: 100%|██████████| 1/1 [00:00<00:00,  5.65it/s]
03:21:38 INFO      ★ melhor até agora (nDCG@10 0.642) → phiemb-minilm-t4-melhor
03:22:12 INFO    passo 7650 | perda 0.9630 | 189.2 pares/s | VRAM 1,508 MB
03:22:45 INFO    passo 7700 | perda 0.9497 | 189.2 pares/s | VRAM 1,508 MB
03:23:19 INFO    passo 7750 | perda 0.9488 | 189.2 pares/s | VRAM 1,508 MB
03:23:52 INFO    passo 7800 | perda 0.9277 | 189.2 pares/s | VRAM 1,508 MB
03:23:53 INFO      aval: recall@1 0.464 · recall@10 0.843 · MRR 0.592 · nDCG@10 0.647

Writing model shards:   0%|          | 0/1 [00:00<?, ?it/s]
Writing model shards: 100%|██████████| 1/1 [00:00<00:00,  5.16it/s]
Writing model shards: 100%|██████████| 1/1 [00:00<00:00,  5.16it/s]

Writing model shards:   0%|          | 0/1 [00:00<?, ?it/s]
Writing model shards: 100%|██████████| 1/1 [00:00<00:00,  5.63it/s]
Writing model shards: 100%|██████████| 1/1 [00:00<00:00,  5.62it/s]
03:23:54 INFO      ★ melhor até agora (nDCG@10 0.647) → phiemb-minilm-t4-melhor
03:24:28 INFO    passo 7850 | perda 0.9495 | 189.2 pares/s | VRAM 1,508 MB
03:25:01 INFO    passo 7900 | perda 0.9494 | 189.2 pares/s | VRAM 1,508 MB
03:25:34 INFO    passo 7950 | perda 0.9534 | 189.2 pares/s | VRAM 1,508 MB
03:26:08 INFO    passo 8000 | perda 0.9647 | 189.2 pares/s | VRAM 1,508 MB
03:26:09 INFO      aval: recall@1 0.451 · recall@10 0.842 · MRR 0.585 · nDCG@10 0.641

Writing model shards:   0%|          | 0/1 [00:00<?, ?it/s]
Writing model shards: 100%|██████████| 1/1 [00:00<00:00,  5.31it/s]
Writing model shards: 100%|██████████| 1/1 [00:00<00:00,  5.31it/s]
03:26:43 INFO    passo 8050 | perda 0.9691 | 189.2 pares/s | VRAM 1,508 MB
03:27:16 INFO    passo 8100 | perda 0.9365 | 189.2 pares/s | VRAM 1,508 MB
03:27:50 INFO    passo 8150 | perda 0.9153 | 189.2 pares/s | VRAM 1,508 MB
03:28:23 INFO    passo 8200 | perda 0.9446 | 189.2 pares/s | VRAM 1,508 MB
03:28:24 INFO      aval: recall@1 0.451 · recall@10 0.838 · MRR 0.586 · nDCG@10 0.641

Writing model shards:   0%|          | 0/1 [00:00<?, ?it/s]
Writing model shards: 100%|██████████| 1/1 [00:00<00:00,  4.98it/s]
Writing model shards: 100%|██████████| 1/1 [00:00<00:00,  4.97it/s]
03:28:58 INFO    passo 8250 | perda 0.9258 | 189.2 pares/s | VRAM 1,508 MB
03:29:31 INFO    passo 8300 | perda 0.9328 | 189.2 pares/s | VRAM 1,508 MB
03:30:05 INFO    passo 8350 | perda 0.9477 | 189.2 pares/s | VRAM 1,508 MB
03:30:38 INFO    passo 8400 | perda 0.9436 | 189.2 pares/s | VRAM 1,508 MB
03:30:40 INFO      aval: recall@1 0.464 · recall@10 0.840 · MRR 0.592 · nDCG@10 0.646

Writing model shards:   0%|          | 0/1 [00:00<?, ?it/s]
Writing model shards: 100%|██████████| 1/1 [00:00<00:00,  5.41it/s]
Writing model shards: 100%|██████████| 1/1 [00:00<00:00,  5.41it/s]
03:31:14 INFO    passo 8450 | perda 0.9507 | 189.2 pares/s | VRAM 1,508 MB
03:31:47 INFO    passo 8500 | perda 0.9496 | 189.2 pares/s | VRAM 1,508 MB
03:32:21 INFO    passo 8550 | perda 0.9350 | 189.2 pares/s | VRAM 1,508 MB
03:32:54 INFO    passo 8600 | perda 0.9674 | 189.2 pares/s | VRAM 1,508 MB
03:32:55 INFO      aval: recall@1 0.449 · recall@10 0.848 · MRR 0.584 · nDCG@10 0.643

Writing model shards:   0%|          | 0/1 [00:00<?, ?it/s]
Writing model shards: 100%|██████████| 1/1 [00:00<00:00,  5.02it/s]
Writing model shards: 100%|██████████| 1/1 [00:00<00:00,  5.01it/s]
03:33:29 INFO    passo 8650 | perda 0.9356 | 189.2 pares/s | VRAM 1,508 MB
03:34:02 INFO    passo 8700 | perda 0.9575 | 189.2 pares/s | VRAM 1,508 MB
03:34:36 INFO    passo 8750 | perda 0.9251 | 189.2 pares/s | VRAM 1,508 MB
03:35:09 INFO    passo 8800 | perda 0.9592 | 189.2 pares/s | VRAM 1,508 MB
03:35:11 INFO      aval: recall@1 0.461 · recall@10 0.846 · MRR 0.591 · nDCG@10 0.648

Writing model shards:   0%|          | 0/1 [00:00<?, ?it/s]
Writing model shards: 100%|██████████| 1/1 [00:00<00:00,  5.10it/s]
Writing model shards: 100%|██████████| 1/1 [00:00<00:00,  5.09it/s]

Writing model shards:   0%|          | 0/1 [00:00<?, ?it/s]
Writing model shards: 100%|██████████| 1/1 [00:00<00:00,  5.07it/s]
Writing model shards: 100%|██████████| 1/1 [00:00<00:00,  5.07it/s]
03:35:11 INFO      ★ melhor até agora (nDCG@10 0.648) → phiemb-minilm-t4-melhor
03:35:45 INFO    passo 8850 | perda 0.9346 | 189.2 pares/s | VRAM 1,508 MB
03:36:18 INFO    passo 8900 | perda 0.9390 | 189.2 pares/s | VRAM 1,508 MB
03:36:52 INFO    passo 8950 | perda 0.9532 | 189.2 pares/s | VRAM 1,508 MB
03:37:25 INFO    passo 9000 | perda 0.9501 | 189.2 pares/s | VRAM 1,508 MB
03:37:26 INFO      aval: recall@1 0.456 · recall@10 0.846 · MRR 0.591 · nDCG@10 0.647

Writing model shards:   0%|          | 0/1 [00:00<?, ?it/s]
Writing model shards: 100%|██████████| 1/1 [00:00<00:00,  5.20it/s]
Writing model shards: 100%|██████████| 1/1 [00:00<00:00,  5.19it/s]
03:38:00 INFO    passo 9050 | perda 0.9360 | 189.2 pares/s | VRAM 1,508 MB
03:38:33 INFO    passo 9100 | perda 0.9481 | 189.2 pares/s | VRAM 1,508 MB
03:39:07 INFO    passo 9150 | perda 0.9461 | 189.2 pares/s | VRAM 1,508 MB
03:39:40 INFO    passo 9200 | perda 0.9511 | 189.2 pares/s | VRAM 1,508 MB
03:39:42 INFO      aval: recall@1 0.455 · recall@10 0.849 · MRR 0.587 · nDCG@10 0.645

Writing model shards:   0%|          | 0/1 [00:00<?, ?it/s]
Writing model shards: 100%|██████████| 1/1 [00:00<00:00,  5.37it/s]
Writing model shards: 100%|██████████| 1/1 [00:00<00:00,  5.36it/s]
03:40:16 INFO    passo 9250 | perda 0.9309 | 189.2 pares/s | VRAM 1,508 MB
03:40:49 INFO    passo 9300 | perda 0.9298 | 189.2 pares/s | VRAM 1,508 MB
03:41:23 INFO    passo 9350 | perda 0.9511 | 189.2 pares/s | VRAM 1,508 MB
03:41:56 INFO    passo 9400 | perda 0.9656 | 189.2 pares/s | VRAM 1,508 MB
03:41:57 INFO      aval: recall@1 0.462 · recall@10 0.843 · MRR 0.593 · nDCG@10 0.648

Writing model shards:   0%|          | 0/1 [00:00<?, ?it/s]
Writing model shards: 100%|██████████| 1/1 [00:00<00:00,  5.22it/s]
Writing model shards: 100%|██████████| 1/1 [00:00<00:00,  5.21it/s]
03:42:31 INFO    passo 9450 | perda 0.9427 | 189.2 pares/s | VRAM 1,508 MB
03:43:04 INFO    passo 9500 | perda 0.9520 | 189.2 pares/s | VRAM 1,508 MB
03:43:38 INFO    passo 9550 | perda 0.9363 | 189.2 pares/s | VRAM 1,508 MB
03:44:11 INFO    passo 9600 | perda 0.9163 | 189.2 pares/s | VRAM 1,508 MB
03:44:12 INFO      aval: recall@1 0.461 · recall@10 0.840 · MRR 0.593 · nDCG@10 0.648

Writing model shards:   0%|          | 0/1 [00:00<?, ?it/s]
Writing model shards: 100%|██████████| 1/1 [00:00<00:00,  5.40it/s]
Writing model shards: 100%|██████████| 1/1 [00:00<00:00,  5.40it/s]
03:44:46 INFO    passo 9650 | perda 0.9462 | 189.2 pares/s | VRAM 1,508 MB
03:45:19 INFO    passo 9700 | perda 0.9394 | 189.2 pares/s | VRAM 1,508 MB
03:45:53 INFO    passo 9750 | perda 0.9106 | 189.2 pares/s | VRAM 1,508 MB
03:46:26 INFO    passo 9800 | perda 0.9303 | 189.2 pares/s | VRAM 1,508 MB
03:46:28 INFO      aval: recall@1 0.470 · recall@10 0.846 · MRR 0.597 · nDCG@10 0.652

Writing model shards:   0%|          | 0/1 [00:00<?, ?it/s]
Writing model shards: 100%|██████████| 1/1 [00:00<00:00,  5.17it/s]
Writing model shards: 100%|██████████| 1/1 [00:00<00:00,  5.17it/s]

Writing model shards:   0%|          | 0/1 [00:00<?, ?it/s]
Writing model shards: 100%|██████████| 1/1 [00:00<00:00,  4.88it/s]
Writing model shards: 100%|██████████| 1/1 [00:00<00:00,  4.88it/s]
03:46:28 INFO      ★ melhor até agora (nDCG@10 0.652) → phiemb-minilm-t4-melhor
03:47:02 INFO    passo 9850 | perda 0.9098 | 189.2 pares/s | VRAM 1,508 MB
03:47:35 INFO    passo 9900 | perda 0.9360 | 189.2 pares/s | VRAM 1,508 MB
03:48:09 INFO    passo 9950 | perda 0.9167 | 189.2 pares/s | VRAM 1,508 MB
03:48:42 INFO    passo 10000 | perda 0.9516 | 189.2 pares/s | VRAM 1,508 MB
03:48:43 INFO      aval: recall@1 0.460 · recall@10 0.851 · MRR 0.591 · nDCG@10 0.649

Writing model shards:   0%|          | 0/1 [00:00<?, ?it/s]
Writing model shards: 100%|██████████| 1/1 [00:00<00:00,  4.87it/s]
Writing model shards: 100%|██████████| 1/1 [00:00<00:00,  4.86it/s]
03:49:17 INFO    passo 10050 | perda 0.9160 | 189.2 pares/s | VRAM 1,508 MB
03:49:50 INFO    passo 10100 | perda 0.9346 | 189.2 pares/s | VRAM 1,508 MB
03:50:24 INFO    passo 10150 | perda 0.9303 | 189.2 pares/s | VRAM 1,508 MB
03:50:57 INFO    passo 10200 | perda 0.9284 | 189.2 pares/s | VRAM 1,508 MB
03:50:58 INFO      aval: recall@1 0.474 · recall@10 0.849 · MRR 0.600 · nDCG@10 0.655

Writing model shards:   0%|          | 0/1 [00:00<?, ?it/s]
Writing model shards: 100%|██████████| 1/1 [00:00<00:00,  5.30it/s]
Writing model shards: 100%|██████████| 1/1 [00:00<00:00,  5.29it/s]

Writing model shards:   0%|          | 0/1 [00:00<?, ?it/s]
Writing model shards: 100%|██████████| 1/1 [00:00<00:00,  5.00it/s]
Writing model shards: 100%|██████████| 1/1 [00:00<00:00,  4.99it/s]
03:50:59 INFO      ★ melhor até agora (nDCG@10 0.655) → phiemb-minilm-t4-melhor
03:51:33 INFO    passo 10250 | perda 0.9386 | 189.2 pares/s | VRAM 1,508 MB
03:52:06 INFO    passo 10300 | perda 0.9359 | 189.2 pares/s | VRAM 1,508 MB
03:52:39 INFO    passo 10350 | perda 0.9441 | 189.2 pares/s | VRAM 1,508 MB
03:53:13 INFO    passo 10400 | perda 0.9163 | 189.2 pares/s | VRAM 1,508 MB
03:53:14 INFO      aval: recall@1 0.470 · recall@10 0.846 · MRR 0.598 · nDCG@10 0.653

Writing model shards:   0%|          | 0/1 [00:00<?, ?it/s]
Writing model shards: 100%|██████████| 1/1 [00:00<00:00,  4.96it/s]
Writing model shards: 100%|██████████| 1/1 [00:00<00:00,  4.96it/s]
03:53:48 INFO    passo 10450 | perda 0.9194 | 189.2 pares/s | VRAM 1,508 MB
03:54:21 INFO    passo 10500 | perda 0.9263 | 189.2 pares/s | VRAM 1,508 MB
03:54:55 INFO    passo 10550 | perda 0.9141 | 189.2 pares/s | VRAM 1,508 MB
03:55:28 INFO    passo 10600 | perda 0.9324 | 189.2 pares/s | VRAM 1,508 MB
03:55:29 INFO      aval: recall@1 0.469 · recall@10 0.846 · MRR 0.598 · nDCG@10 0.653

Writing model shards:   0%|          | 0/1 [00:00<?, ?it/s]
Writing model shards: 100%|██████████| 1/1 [00:00<00:00,  5.20it/s]
Writing model shards: 100%|██████████| 1/1 [00:00<00:00,  5.19it/s]
03:56:03 INFO    passo 10650 | perda 0.9287 | 189.2 pares/s | VRAM 1,508 MB
03:56:36 INFO    passo 10700 | perda 0.9251 | 189.2 pares/s | VRAM 1,508 MB
03:57:10 INFO    passo 10750 | perda 0.9163 | 189.2 pares/s | VRAM 1,508 MB
03:57:43 INFO    passo 10800 | perda 0.9010 | 189.2 pares/s | VRAM 1,508 MB
03:57:44 INFO      aval: recall@1 0.467 · recall@10 0.847 · MRR 0.597 · nDCG@10 0.652

Writing model shards:   0%|          | 0/1 [00:00<?, ?it/s]
Writing model shards: 100%|██████████| 1/1 [00:00<00:00,  5.35it/s]
Writing model shards: 100%|██████████| 1/1 [00:00<00:00,  5.35it/s]
03:58:18 INFO    passo 10850 | perda 0.9127 | 189.2 pares/s | VRAM 1,508 MB
03:58:51 INFO    passo 10900 | perda 0.9357 | 189.2 pares/s | VRAM 1,508 MB
03:59:25 INFO    passo 10950 | perda 0.9205 | 189.2 pares/s | VRAM 1,508 MB
03:59:58 INFO    passo 11000 | perda 0.9214 | 189.2 pares/s | VRAM 1,508 MB
03:59:59 INFO      aval: recall@1 0.464 · recall@10 0.855 · MRR 0.598 · nDCG@10 0.656

Writing model shards:   0%|          | 0/1 [00:00<?, ?it/s]
Writing model shards: 100%|██████████| 1/1 [00:00<00:00,  5.25it/s]
Writing model shards: 100%|██████████| 1/1 [00:00<00:00,  5.25it/s]

Writing model shards:   0%|          | 0/1 [00:00<?, ?it/s]
Writing model shards: 100%|██████████| 1/1 [00:00<00:00,  5.76it/s]
Writing model shards: 100%|██████████| 1/1 [00:00<00:00,  5.75it/s]
04:00:00 INFO      ★ melhor até agora (nDCG@10 0.656) → phiemb-minilm-t4-melhor
04:00:34 INFO    passo 11050 | perda 0.9082 | 189.2 pares/s | VRAM 1,508 MB
04:01:07 INFO    passo 11100 | perda 0.9082 | 189.2 pares/s | VRAM 1,508 MB
04:01:40 INFO    passo 11150 | perda 0.9128 | 189.2 pares/s | VRAM 1,508 MB
04:02:14 INFO    passo 11200 | perda 0.9031 | 189.2 pares/s | VRAM 1,508 MB
04:02:15 INFO      aval: recall@1 0.472 · recall@10 0.855 · MRR 0.600 · nDCG@10 0.657

Writing model shards:   0%|          | 0/1 [00:00<?, ?it/s]
Writing model shards: 100%|██████████| 1/1 [00:00<00:00,  5.21it/s]
Writing model shards: 100%|██████████| 1/1 [00:00<00:00,  5.21it/s]

Writing model shards:   0%|          | 0/1 [00:00<?, ?it/s]
Writing model shards: 100%|██████████| 1/1 [00:00<00:00,  5.53it/s]
Writing model shards: 100%|██████████| 1/1 [00:00<00:00,  5.52it/s]
04:02:16 INFO      ★ melhor até agora (nDCG@10 0.657) → phiemb-minilm-t4-melhor
04:02:49 INFO    passo 11250 | perda 0.9250 | 189.1 pares/s | VRAM 1,508 MB
04:03:22 INFO    passo 11300 | perda 0.8972 | 189.2 pares/s | VRAM 1,508 MB
04:03:56 INFO    passo 11350 | perda 0.8964 | 189.2 pares/s | VRAM 1,508 MB
04:04:30 INFO    passo 11400 | perda 0.9249 | 189.2 pares/s | VRAM 1,508 MB
04:04:31 INFO      aval: recall@1 0.468 · recall@10 0.859 · MRR 0.600 · nDCG@10 0.658

Writing model shards:   0%|          | 0/1 [00:00<?, ?it/s]
Writing model shards: 100%|██████████| 1/1 [00:00<00:00,  5.30it/s]
Writing model shards: 100%|██████████| 1/1 [00:00<00:00,  5.30it/s]

Writing model shards:   0%|          | 0/1 [00:00<?, ?it/s]
Writing model shards: 100%|██████████| 1/1 [00:00<00:00,  5.51it/s]
Writing model shards: 100%|██████████| 1/1 [00:00<00:00,  5.50it/s]
04:04:31 INFO      ★ melhor até agora (nDCG@10 0.658) → phiemb-minilm-t4-melhor
04:05:05 INFO    passo 11450 | perda 0.9136 | 189.1 pares/s | VRAM 1,508 MB
04:05:38 INFO    passo 11500 | perda 0.9188 | 189.2 pares/s | VRAM 1,508 MB
04:06:12 INFO    passo 11550 | perda 0.9095 | 189.2 pares/s | VRAM 1,508 MB
04:06:45 INFO    passo 11600 | perda 0.8977 | 189.2 pares/s | VRAM 1,508 MB
04:06:47 INFO      aval: recall@1 0.470 · recall@10 0.856 · MRR 0.599 · nDCG@10 0.656

Writing model shards:   0%|          | 0/1 [00:00<?, ?it/s]
Writing model shards: 100%|██████████| 1/1 [00:00<00:00,  5.24it/s]
Writing model shards: 100%|██████████| 1/1 [00:00<00:00,  5.24it/s]
04:07:21 INFO    passo 11650 | perda 0.9017 | 189.1 pares/s | VRAM 1,508 MB
04:07:54 INFO    passo 11700 | perda 0.9268 | 189.2 pares/s | VRAM 1,508 MB
04:08:28 INFO    passo 11750 | perda 0.9009 | 189.2 pares/s | VRAM 1,508 MB
04:09:01 INFO    passo 11800 | perda 0.8844 | 189.2 pares/s | VRAM 1,508 MB
04:09:02 INFO      aval: recall@1 0.477 · recall@10 0.851 · MRR 0.604 · nDCG@10 0.659

Writing model shards:   0%|          | 0/1 [00:00<?, ?it/s]
Writing model shards: 100%|██████████| 1/1 [00:00<00:00,  4.94it/s]
Writing model shards: 100%|██████████| 1/1 [00:00<00:00,  4.94it/s]

Writing model shards:   0%|          | 0/1 [00:00<?, ?it/s]
Writing model shards: 100%|██████████| 1/1 [00:00<00:00,  5.12it/s]
Writing model shards: 100%|██████████| 1/1 [00:00<00:00,  5.12it/s]
04:09:03 INFO      ★ melhor até agora (nDCG@10 0.659) → phiemb-minilm-t4-melhor
04:09:36 INFO    passo 11850 | perda 0.9057 | 189.1 pares/s | VRAM 1,508 MB
04:10:10 INFO    passo 11900 | perda 0.8886 | 189.1 pares/s | VRAM 1,508 MB
04:10:43 INFO    passo 11950 | perda 0.9021 | 189.1 pares/s | VRAM 1,508 MB
04:11:16 INFO    passo 12000 | perda 0.8820 | 189.2 pares/s | VRAM 1,508 MB
04:11:18 INFO      aval: recall@1 0.466 · recall@10 0.852 · MRR 0.598 · nDCG@10 0.655

Writing model shards:   0%|          | 0/1 [00:00<?, ?it/s]
Writing model shards: 100%|██████████| 1/1 [00:00<00:00,  5.04it/s]
Writing model shards: 100%|██████████| 1/1 [00:00<00:00,  5.04it/s]
04:11:52 INFO    passo 12050 | perda 0.9140 | 189.1 pares/s | VRAM 1,508 MB
04:12:25 INFO    passo 12100 | perda 0.9164 | 189.1 pares/s | VRAM 1,508 MB
04:12:59 INFO    passo 12150 | perda 0.9023 | 189.1 pares/s | VRAM 1,508 MB
04:13:32 INFO    passo 12200 | perda 0.9100 | 189.2 pares/s | VRAM 1,508 MB
04:13:33 INFO      aval: recall@1 0.478 · recall@10 0.855 · MRR 0.605 · nDCG@10 0.660

Writing model shards:   0%|          | 0/1 [00:00<?, ?it/s]
Writing model shards: 100%|██████████| 1/1 [00:00<00:00,  5.14it/s]
Writing model shards: 100%|██████████| 1/1 [00:00<00:00,  5.14it/s]

Writing model shards:   0%|          | 0/1 [00:00<?, ?it/s]
Writing model shards: 100%|██████████| 1/1 [00:00<00:00,  5.39it/s]
Writing model shards: 100%|██████████| 1/1 [00:00<00:00,  5.39it/s]
04:13:34 INFO      ★ melhor até agora (nDCG@10 0.660) → phiemb-minilm-t4-melhor
04:14:07 INFO    passo 12250 | perda 0.8953 | 189.1 pares/s | VRAM 1,508 MB
04:14:41 INFO    passo 12300 | perda 0.9276 | 189.1 pares/s | VRAM 1,508 MB
04:15:14 INFO    passo 12350 | perda 0.8774 | 189.1 pares/s | VRAM 1,508 MB
04:15:48 INFO    passo 12400 | perda 0.8959 | 189.2 pares/s | VRAM 1,508 MB
04:15:49 INFO      aval: recall@1 0.477 · recall@10 0.848 · MRR 0.602 · nDCG@10 0.656

Writing model shards:   0%|          | 0/1 [00:00<?, ?it/s]
Writing model shards: 100%|██████████| 1/1 [00:00<00:00,  5.13it/s]
Writing model shards: 100%|██████████| 1/1 [00:00<00:00,  5.12it/s]
04:16:23 INFO    passo 12450 | perda 0.8906 | 189.1 pares/s | VRAM 1,508 MB
04:16:56 INFO    passo 12500 | perda 0.9029 | 189.1 pares/s | VRAM 1,508 MB
04:17:30 INFO    passo 12550 | perda 0.9237 | 189.1 pares/s | VRAM 1,508 MB
04:18:03 INFO    passo 12600 | perda 0.9073 | 189.2 pares/s | VRAM 1,508 MB
04:18:04 INFO      aval: recall@1 0.487 · recall@10 0.856 · MRR 0.610 · nDCG@10 0.665

Writing model shards:   0%|          | 0/1 [00:00<?, ?it/s]
Writing model shards: 100%|██████████| 1/1 [00:00<00:00,  5.19it/s]
Writing model shards: 100%|██████████| 1/1 [00:00<00:00,  5.18it/s]

Writing model shards:   0%|          | 0/1 [00:00<?, ?it/s]
Writing model shards: 100%|██████████| 1/1 [00:00<00:00,  4.98it/s]
Writing model shards: 100%|██████████| 1/1 [00:00<00:00,  4.98it/s]
04:18:05 INFO      ★ melhor até agora (nDCG@10 0.665) → phiemb-minilm-t4-melhor
04:18:38 INFO    passo 12650 | perda 0.8948 | 189.1 pares/s | VRAM 1,508 MB
04:19:11 INFO    passo 12700 | perda 0.8973 | 189.1 pares/s | VRAM 1,508 MB
04:19:45 INFO    passo 12750 | perda 0.9194 | 189.1 pares/s | VRAM 1,508 MB
04:20:18 INFO    passo 12800 | perda 0.9260 | 189.2 pares/s | VRAM 1,508 MB
04:20:20 INFO      aval: recall@1 0.472 · recall@10 0.850 · MRR 0.601 · nDCG@10 0.656

Writing model shards:   0%|          | 0/1 [00:00<?, ?it/s]
Writing model shards: 100%|██████████| 1/1 [00:00<00:00,  5.11it/s]
Writing model shards: 100%|██████████| 1/1 [00:00<00:00,  5.10it/s]
04:20:54 INFO    passo 12850 | perda 0.9115 | 189.1 pares/s | VRAM 1,508 MB
04:21:27 INFO    passo 12900 | perda 0.8861 | 189.1 pares/s | VRAM 1,508 MB
04:22:01 INFO    passo 12950 | perda 0.8780 | 189.1 pares/s | VRAM 1,508 MB
04:22:34 INFO    passo 13000 | perda 0.9045 | 189.1 pares/s | VRAM 1,508 MB
04:22:35 INFO      aval: recall@1 0.468 · recall@10 0.843 · MRR 0.600 · nDCG@10 0.654

Writing model shards:   0%|          | 0/1 [00:00<?, ?it/s]
Writing model shards: 100%|██████████| 1/1 [00:00<00:00,  4.99it/s]
Writing model shards: 100%|██████████| 1/1 [00:00<00:00,  4.99it/s]
04:23:09 INFO    passo 13050 | perda 0.8937 | 189.1 pares/s | VRAM 1,508 MB
04:23:42 INFO    passo 13100 | perda 0.8786 | 189.1 pares/s | VRAM 1,508 MB
04:24:16 INFO    passo 13150 | perda 0.9031 | 189.1 pares/s | VRAM 1,508 MB
04:24:49 INFO    passo 13200 | perda 0.9017 | 189.1 pares/s | VRAM 1,508 MB
04:24:51 INFO      aval: recall@1 0.485 · recall@10 0.855 · MRR 0.609 · nDCG@10 0.664

Writing model shards:   0%|          | 0/1 [00:00<?, ?it/s]
Writing model shards: 100%|██████████| 1/1 [00:00<00:00,  5.32it/s]
Writing model shards: 100%|██████████| 1/1 [00:00<00:00,  5.32it/s]
04:25:25 INFO    passo 13250 | perda 0.8828 | 189.1 pares/s | VRAM 1,508 MB
04:25:58 INFO    passo 13300 | perda 0.8555 | 189.1 pares/s | VRAM 1,508 MB
04:26:32 INFO    passo 13350 | perda 0.9066 | 189.1 pares/s | VRAM 1,508 MB
04:27:05 INFO    passo 13400 | perda 0.8660 | 189.1 pares/s | VRAM 1,508 MB
04:27:06 INFO      aval: recall@1 0.478 · recall@10 0.840 · MRR 0.607 · nDCG@10 0.658

Writing model shards:   0%|          | 0/1 [00:00<?, ?it/s]
Writing model shards: 100%|██████████| 1/1 [00:00<00:00,  5.25it/s]
Writing model shards: 100%|██████████| 1/1 [00:00<00:00,  5.24it/s]
04:27:40 INFO    passo 13450 | perda 0.8836 | 189.1 pares/s | VRAM 1,508 MB
04:28:13 INFO    passo 13500 | perda 0.8792 | 189.1 pares/s | VRAM 1,508 MB
04:28:47 INFO    passo 13550 | perda 0.8728 | 189.1 pares/s | VRAM 1,508 MB
04:29:20 INFO    passo 13600 | perda 0.9047 | 189.1 pares/s | VRAM 1,508 MB
04:29:21 INFO      aval: recall@1 0.472 · recall@10 0.849 · MRR 0.605 · nDCG@10 0.659

Writing model shards:   0%|          | 0/1 [00:00<?, ?it/s]
Writing model shards: 100%|██████████| 1/1 [00:00<00:00,  5.27it/s]
Writing model shards: 100%|██████████| 1/1 [00:00<00:00,  5.27it/s]
04:29:55 INFO    passo 13650 | perda 0.8906 | 189.1 pares/s | VRAM 1,508 MB
04:30:28 INFO    passo 13700 | perda 0.9103 | 189.1 pares/s | VRAM 1,508 MB
04:31:02 INFO    passo 13750 | perda 0.8974 | 189.1 pares/s | VRAM 1,508 MB
04:31:35 INFO    passo 13800 | perda 0.8885 | 189.1 pares/s | VRAM 1,508 MB
04:31:37 INFO      aval: recall@1 0.479 · recall@10 0.849 · MRR 0.604 · nDCG@10 0.658

Writing model shards:   0%|          | 0/1 [00:00<?, ?it/s]
Writing model shards: 100%|██████████| 1/1 [00:00<00:00,  4.98it/s]
Writing model shards: 100%|██████████| 1/1 [00:00<00:00,  4.97it/s]
04:32:11 INFO    passo 13850 | perda 0.8785 | 189.1 pares/s | VRAM 1,508 MB
04:32:44 INFO    passo 13900 | perda 0.9208 | 189.1 pares/s | VRAM 1,508 MB
04:33:18 INFO    passo 13950 | perda 0.8588 | 189.1 pares/s | VRAM 1,508 MB
04:33:51 INFO    passo 14000 | perda 0.9149 | 189.1 pares/s | VRAM 1,508 MB
04:33:52 INFO      aval: recall@1 0.479 · recall@10 0.856 · MRR 0.607 · nDCG@10 0.662

Writing model shards:   0%|          | 0/1 [00:00<?, ?it/s]
Writing model shards: 100%|██████████| 1/1 [00:00<00:00,  5.20it/s]
Writing model shards: 100%|██████████| 1/1 [00:00<00:00,  5.20it/s]
04:34:26 INFO    passo 14050 | perda 0.8961 | 189.1 pares/s | VRAM 1,508 MB
04:34:59 INFO    passo 14100 | perda 0.8956 | 189.1 pares/s | VRAM 1,508 MB
04:35:33 INFO    passo 14150 | perda 0.8863 | 189.1 pares/s | VRAM 1,508 MB
04:36:06 INFO    passo 14200 | perda 0.9012 | 189.1 pares/s | VRAM 1,508 MB
04:36:08 INFO      aval: recall@1 0.473 · recall@10 0.855 · MRR 0.603 · nDCG@10 0.659

Writing model shards:   0%|          | 0/1 [00:00<?, ?it/s]
Writing model shards: 100%|██████████| 1/1 [00:00<00:00,  5.03it/s]
Writing model shards: 100%|██████████| 1/1 [00:00<00:00,  5.02it/s]
04:36:42 INFO    passo 14250 | perda 0.8755 | 189.1 pares/s | VRAM 1,508 MB
04:37:15 INFO    passo 14300 | perda 0.8664 | 189.1 pares/s | VRAM 1,508 MB
04:37:49 INFO    passo 14350 | perda 0.8790 | 189.1 pares/s | VRAM 1,508 MB
04:38:22 INFO    passo 14400 | perda 0.8796 | 189.1 pares/s | VRAM 1,508 MB
04:38:23 INFO      aval: recall@1 0.473 · recall@10 0.859 · MRR 0.606 · nDCG@10 0.662

Writing model shards:   0%|          | 0/1 [00:00<?, ?it/s]
Writing model shards: 100%|██████████| 1/1 [00:00<00:00,  5.27it/s]
Writing model shards: 100%|██████████| 1/1 [00:00<00:00,  5.26it/s]
04:38:58 INFO    passo 14450 | perda 0.8437 | 189.1 pares/s | VRAM 1,508 MB
04:39:31 INFO    passo 14500 | perda 0.8571 | 189.1 pares/s | VRAM 1,508 MB
04:40:04 INFO    passo 14550 | perda 0.9027 | 189.1 pares/s | VRAM 1,508 MB
04:40:38 INFO    passo 14600 | perda 0.8791 | 189.1 pares/s | VRAM 1,508 MB
04:40:39 INFO      aval: recall@1 0.487 · recall@10 0.854 · MRR 0.612 · nDCG@10 0.666

Writing model shards:   0%|          | 0/1 [00:00<?, ?it/s]
Writing model shards: 100%|██████████| 1/1 [00:00<00:00,  5.23it/s]
Writing model shards: 100%|██████████| 1/1 [00:00<00:00,  5.22it/s]

Writing model shards:   0%|          | 0/1 [00:00<?, ?it/s]
Writing model shards: 100%|██████████| 1/1 [00:00<00:00,  5.75it/s]
Writing model shards: 100%|██████████| 1/1 [00:00<00:00,  5.74it/s]
04:40:39 INFO      ★ melhor até agora (nDCG@10 0.666) → phiemb-minilm-t4-melhor
04:41:13 INFO    passo 14650 | perda 0.8656 | 189.1 pares/s | VRAM 1,508 MB
04:41:47 INFO    passo 14700 | perda 0.8951 | 189.1 pares/s | VRAM 1,508 MB
04:42:20 INFO    passo 14750 | perda 0.8803 | 189.1 pares/s | VRAM 1,508 MB
04:42:54 INFO    passo 14800 | perda 0.8536 | 189.1 pares/s | VRAM 1,508 MB
04:42:55 INFO      aval: recall@1 0.484 · recall@10 0.859 · MRR 0.611 · nDCG@10 0.667

Writing model shards:   0%|          | 0/1 [00:00<?, ?it/s]
Writing model shards: 100%|██████████| 1/1 [00:00<00:00,  5.21it/s]
Writing model shards: 100%|██████████| 1/1 [00:00<00:00,  5.21it/s]

Writing model shards:   0%|          | 0/1 [00:00<?, ?it/s]
Writing model shards: 100%|██████████| 1/1 [00:00<00:00,  5.58it/s]
Writing model shards: 100%|██████████| 1/1 [00:00<00:00,  5.58it/s]
04:42:55 INFO      ★ melhor até agora (nDCG@10 0.667) → phiemb-minilm-t4-melhor
04:43:29 INFO    passo 14850 | perda 0.8958 | 189.1 pares/s | VRAM 1,508 MB
04:44:02 INFO    passo 14900 | perda 0.8865 | 189.1 pares/s | VRAM 1,508 MB
04:44:36 INFO    passo 14950 | perda 0.8670 | 189.1 pares/s | VRAM 1,508 MB
04:45:09 INFO    passo 15000 | perda 0.8836 | 189.1 pares/s | VRAM 1,508 MB
04:45:10 INFO      aval: recall@1 0.483 · recall@10 0.863 · MRR 0.613 · nDCG@10 0.669

Writing model shards:   0%|          | 0/1 [00:00<?, ?it/s]
Writing model shards: 100%|██████████| 1/1 [00:00<00:00,  5.34it/s]
Writing model shards: 100%|██████████| 1/1 [00:00<00:00,  5.33it/s]

Writing model shards:   0%|          | 0/1 [00:00<?, ?it/s]
Writing model shards: 100%|██████████| 1/1 [00:00<00:00,  5.33it/s]
Writing model shards: 100%|██████████| 1/1 [00:00<00:00,  5.32it/s]
04:45:11 INFO      ★ melhor até agora (nDCG@10 0.669) → phiemb-minilm-t4-melhor
04:45:44 INFO    passo 15050 | perda 0.8654 | 189.1 pares/s | VRAM 1,508 MB
04:46:18 INFO    passo 15100 | perda 0.8751 | 189.1 pares/s | VRAM 1,508 MB
04:46:51 INFO    passo 15150 | perda 0.8604 | 189.1 pares/s | VRAM 1,508 MB
04:47:24 INFO    passo 15200 | perda 0.8792 | 189.1 pares/s | VRAM 1,508 MB
04:47:26 INFO      aval: recall@1 0.480 · recall@10 0.859 · MRR 0.611 · nDCG@10 0.666

Writing model shards:   0%|          | 0/1 [00:00<?, ?it/s]
Writing model shards: 100%|██████████| 1/1 [00:00<00:00,  5.03it/s]
Writing model shards: 100%|██████████| 1/1 [00:00<00:00,  5.03it/s]
04:48:00 INFO    passo 15250 | perda 0.8846 | 189.1 pares/s | VRAM 1,508 MB
04:48:33 INFO    passo 15300 | perda 0.8724 | 189.1 pares/s | VRAM 1,508 MB
04:49:07 INFO    passo 15350 | perda 0.8543 | 189.1 pares/s | VRAM 1,508 MB
04:49:40 INFO    passo 15400 | perda 0.8456 | 189.1 pares/s | VRAM 1,508 MB
04:49:41 INFO      aval: recall@1 0.485 · recall@10 0.854 · MRR 0.615 · nDCG@10 0.668

Writing model shards:   0%|          | 0/1 [00:00<?, ?it/s]
Writing model shards: 100%|██████████| 1/1 [00:00<00:00,  5.20it/s]
Writing model shards: 100%|██████████| 1/1 [00:00<00:00,  5.19it/s]
04:50:15 INFO    passo 15450 | perda 0.8618 | 189.1 pares/s | VRAM 1,508 MB
04:50:48 INFO    passo 15500 | perda 0.8680 | 189.1 pares/s | VRAM 1,508 MB
04:51:22 INFO    passo 15550 | perda 0.8614 | 189.1 pares/s | VRAM 1,508 MB
04:51:55 INFO    passo 15600 | perda 0.8576 | 189.1 pares/s | VRAM 1,508 MB
04:51:56 INFO      aval: recall@1 0.481 · recall@10 0.855 · MRR 0.612 · nDCG@10 0.666

Writing model shards:   0%|          | 0/1 [00:00<?, ?it/s]
Writing model shards: 100%|██████████| 1/1 [00:00<00:00,  5.19it/s]
Writing model shards: 100%|██████████| 1/1 [00:00<00:00,  5.18it/s]
04:52:30 INFO    passo 15650 | perda 0.8777 | 189.1 pares/s | VRAM 1,508 MB
04:53:04 INFO    passo 15700 | perda 0.8534 | 189.1 pares/s | VRAM 1,508 MB
04:53:37 INFO    passo 15750 | perda 0.8880 | 189.1 pares/s | VRAM 1,508 MB
04:54:10 INFO    passo 15800 | perda 0.8696 | 189.1 pares/s | VRAM 1,508 MB
04:54:12 INFO      aval: recall@1 0.488 · recall@10 0.859 · MRR 0.614 · nDCG@10 0.669

Writing model shards:   0%|          | 0/1 [00:00<?, ?it/s]
Writing model shards: 100%|██████████| 1/1 [00:00<00:00,  4.87it/s]
Writing model shards: 100%|██████████| 1/1 [00:00<00:00,  4.87it/s]

Writing model shards:   0%|          | 0/1 [00:00<?, ?it/s]
Writing model shards: 100%|██████████| 1/1 [00:00<00:00,  5.52it/s]
Writing model shards: 100%|██████████| 1/1 [00:00<00:00,  5.51it/s]
04:54:12 INFO      ★ melhor até agora (nDCG@10 0.669) → phiemb-minilm-t4-melhor
04:54:46 INFO    passo 15850 | perda 0.8566 | 189.1 pares/s | VRAM 1,508 MB
04:55:19 INFO    passo 15900 | perda 0.8749 | 189.1 pares/s | VRAM 1,508 MB
04:55:53 INFO    passo 15950 | perda 0.8680 | 189.1 pares/s | VRAM 1,508 MB
04:56:27 INFO    passo 16000 | perda 0.8393 | 189.1 pares/s | VRAM 1,508 MB
04:56:28 INFO      aval: recall@1 0.478 · recall@10 0.854 · MRR 0.610 · nDCG@10 0.664

Writing model shards:   0%|          | 0/1 [00:00<?, ?it/s]
Writing model shards: 100%|██████████| 1/1 [00:00<00:00,  5.15it/s]
Writing model shards: 100%|██████████| 1/1 [00:00<00:00,  5.14it/s]
04:57:02 INFO    passo 16050 | perda 0.8810 | 189.1 pares/s | VRAM 1,508 MB
04:57:35 INFO    passo 16100 | perda 0.8779 | 189.1 pares/s | VRAM 1,508 MB
04:58:09 INFO    passo 16150 | perda 0.8818 | 189.1 pares/s | VRAM 1,508 MB
04:58:43 INFO    passo 16200 | perda 0.8547 | 189.1 pares/s | VRAM 1,508 MB
04:58:44 INFO      aval: recall@1 0.487 · recall@10 0.860 · MRR 0.615 · nDCG@10 0.670

Writing model shards:   0%|          | 0/1 [00:00<?, ?it/s]
Writing model shards: 100%|██████████| 1/1 [00:00<00:00,  5.24it/s]
Writing model shards: 100%|██████████| 1/1 [00:00<00:00,  5.23it/s]

Writing model shards:   0%|          | 0/1 [00:00<?, ?it/s]
Writing model shards: 100%|██████████| 1/1 [00:00<00:00,  5.81it/s]
Writing model shards: 100%|██████████| 1/1 [00:00<00:00,  5.81it/s]
04:58:44 INFO      ★ melhor até agora (nDCG@10 0.670) → phiemb-minilm-t4-melhor
04:59:18 INFO    passo 16250 | perda 0.8558 | 189.1 pares/s | VRAM 1,508 MB
04:59:52 INFO    passo 16300 | perda 0.8471 | 189.1 pares/s | VRAM 1,508 MB
05:00:25 INFO    passo 16350 | perda 0.8592 | 189.1 pares/s | VRAM 1,508 MB
05:00:58 INFO    passo 16400 | perda 0.8820 | 189.1 pares/s | VRAM 1,508 MB
05:01:00 INFO      aval: recall@1 0.482 · recall@10 0.862 · MRR 0.616 · nDCG@10 0.671

Writing model shards:   0%|          | 0/1 [00:00<?, ?it/s]
Writing model shards: 100%|██████████| 1/1 [00:00<00:00,  5.06it/s]
Writing model shards: 100%|██████████| 1/1 [00:00<00:00,  5.05it/s]

Writing model shards:   0%|          | 0/1 [00:00<?, ?it/s]
Writing model shards: 100%|██████████| 1/1 [00:00<00:00,  5.33it/s]
Writing model shards: 100%|██████████| 1/1 [00:00<00:00,  5.32it/s]
05:01:00 INFO      ★ melhor até agora (nDCG@10 0.671) → phiemb-minilm-t4-melhor
05:01:34 INFO    passo 16450 | perda 0.8543 | 189.1 pares/s | VRAM 1,508 MB
05:02:07 INFO    passo 16500 | perda 0.8560 | 189.1 pares/s | VRAM 1,508 MB
05:02:41 INFO    passo 16550 | perda 0.8522 | 189.1 pares/s | VRAM 1,508 MB
05:03:14 INFO    passo 16600 | perda 0.8709 | 189.1 pares/s | VRAM 1,508 MB
05:03:15 INFO      aval: recall@1 0.487 · recall@10 0.857 · MRR 0.618 · nDCG@10 0.671

Writing model shards:   0%|          | 0/1 [00:00<?, ?it/s]
Writing model shards: 100%|██████████| 1/1 [00:00<00:00,  5.08it/s]
Writing model shards: 100%|██████████| 1/1 [00:00<00:00,  5.08it/s]

Writing model shards:   0%|          | 0/1 [00:00<?, ?it/s]
Writing model shards: 100%|██████████| 1/1 [00:00<00:00,  5.58it/s]
Writing model shards: 100%|██████████| 1/1 [00:00<00:00,  5.57it/s]
05:03:16 INFO      ★ melhor até agora (nDCG@10 0.671) → phiemb-minilm-t4-melhor
05:03:50 INFO    passo 16650 | perda 0.8541 | 189.0 pares/s | VRAM 1,508 MB
05:04:23 INFO    passo 16700 | perda 0.8603 | 189.1 pares/s | VRAM 1,508 MB
05:04:57 INFO    passo 16750 | perda 0.8522 | 189.1 pares/s | VRAM 1,508 MB
05:05:30 INFO    passo 16800 | perda 0.8759 | 189.1 pares/s | VRAM 1,508 MB
05:05:31 INFO      aval: recall@1 0.489 · recall@10 0.866 · MRR 0.620 · nDCG@10 0.675

Writing model shards:   0%|          | 0/1 [00:00<?, ?it/s]
Writing model shards: 100%|██████████| 1/1 [00:00<00:00,  5.28it/s]
Writing model shards: 100%|██████████| 1/1 [00:00<00:00,  5.27it/s]

Writing model shards:   0%|          | 0/1 [00:00<?, ?it/s]
Writing model shards: 100%|██████████| 1/1 [00:00<00:00,  5.54it/s]
Writing model shards: 100%|██████████| 1/1 [00:00<00:00,  5.53it/s]
05:05:32 INFO      ★ melhor até agora (nDCG@10 0.675) → phiemb-minilm-t4-melhor
05:06:06 INFO    passo 16850 | perda 0.8509 | 189.0 pares/s | VRAM 1,508 MB
05:06:39 INFO    passo 16900 | perda 0.8314 | 189.0 pares/s | VRAM 1,508 MB
05:07:13 INFO    passo 16950 | perda 0.8462 | 189.1 pares/s | VRAM 1,508 MB
05:07:46 INFO    passo 17000 | perda 0.8710 | 189.1 pares/s | VRAM 1,508 MB
05:07:47 INFO      aval: recall@1 0.485 · recall@10 0.861 · MRR 0.617 · nDCG@10 0.671

Writing model shards:   0%|          | 0/1 [00:00<?, ?it/s]
Writing model shards: 100%|██████████| 1/1 [00:00<00:00,  4.97it/s]
Writing model shards: 100%|██████████| 1/1 [00:00<00:00,  4.96it/s]
05:08:22 INFO    passo 17050 | perda 0.8632 | 189.0 pares/s | VRAM 1,508 MB
05:08:55 INFO    passo 17100 | perda 0.8466 | 189.0 pares/s | VRAM 1,508 MB
05:09:29 INFO    passo 17150 | perda 0.8643 | 189.0 pares/s | VRAM 1,508 MB
05:10:02 INFO    passo 17200 | perda 0.8889 | 189.0 pares/s | VRAM 1,508 MB
05:10:03 INFO      aval: recall@1 0.487 · recall@10 0.868 · MRR 0.617 · nDCG@10 0.673

Writing model shards:   0%|          | 0/1 [00:00<?, ?it/s]
Writing model shards: 100%|██████████| 1/1 [00:00<00:00,  5.12it/s]
Writing model shards: 100%|██████████| 1/1 [00:00<00:00,  5.11it/s]
05:10:38 INFO    passo 17250 | perda 0.8655 | 189.0 pares/s | VRAM 1,508 MB
05:11:11 INFO    passo 17300 | perda 0.8711 | 189.0 pares/s | VRAM 1,508 MB
05:11:45 INFO    passo 17350 | perda 0.8671 | 189.0 pares/s | VRAM 1,508 MB
05:12:18 INFO    passo 17400 | perda 0.8614 | 189.0 pares/s | VRAM 1,508 MB
05:12:19 INFO      aval: recall@1 0.486 · recall@10 0.856 · MRR 0.618 · nDCG@10 0.671

Writing model shards:   0%|          | 0/1 [00:00<?, ?it/s]
Writing model shards: 100%|██████████| 1/1 [00:00<00:00,  4.99it/s]
Writing model shards: 100%|██████████| 1/1 [00:00<00:00,  4.98it/s]
05:12:53 INFO    passo 17450 | perda 0.8724 | 189.0 pares/s | VRAM 1,508 MB
05:13:27 INFO    passo 17500 | perda 0.8391 | 189.0 pares/s | VRAM 1,508 MB
05:14:00 INFO    passo 17550 | perda 0.8921 | 189.0 pares/s | VRAM 1,508 MB
05:14:33 INFO    passo 17600 | perda 0.8530 | 189.0 pares/s | VRAM 1,508 MB
05:14:35 INFO      aval: recall@1 0.503 · recall@10 0.856 · MRR 0.626 · nDCG@10 0.677

Writing model shards:   0%|          | 0/1 [00:00<?, ?it/s]
Writing model shards: 100%|██████████| 1/1 [00:00<00:00,  5.14it/s]
Writing model shards: 100%|██████████| 1/1 [00:00<00:00,  5.14it/s]

Writing model shards:   0%|          | 0/1 [00:00<?, ?it/s]
Writing model shards: 100%|██████████| 1/1 [00:00<00:00,  5.84it/s]
Writing model shards: 100%|██████████| 1/1 [00:00<00:00,  5.83it/s]
05:14:35 INFO      ★ melhor até agora (nDCG@10 0.677) → phiemb-minilm-t4-melhor
05:15:09 INFO    passo 17650 | perda 0.8556 | 189.0 pares/s | VRAM 1,508 MB
05:15:42 INFO    passo 17700 | perda 0.8153 | 189.0 pares/s | VRAM 1,508 MB
05:16:16 INFO    passo 17750 | perda 0.8493 | 189.0 pares/s | VRAM 1,508 MB
05:16:49 INFO    passo 17800 | perda 0.8355 | 189.0 pares/s | VRAM 1,508 MB
05:16:51 INFO      aval: recall@1 0.488 · recall@10 0.860 · MRR 0.619 · nDCG@10 0.672

Writing model shards:   0%|          | 0/1 [00:00<?, ?it/s]
Writing model shards: 100%|██████████| 1/1 [00:00<00:00,  5.05it/s]
Writing model shards: 100%|██████████| 1/1 [00:00<00:00,  5.04it/s]
05:17:25 INFO    passo 17850 | perda 0.8819 | 189.0 pares/s | VRAM 1,508 MB
05:17:58 INFO    passo 17900 | perda 0.8377 | 189.0 pares/s | VRAM 1,508 MB
05:18:32 INFO    passo 17950 | perda 0.8678 | 189.0 pares/s | VRAM 1,508 MB
05:19:05 INFO    passo 18000 | perda 0.8374 | 189.0 pares/s | VRAM 1,508 MB
05:19:06 INFO      aval: recall@1 0.484 · recall@10 0.862 · MRR 0.616 · nDCG@10 0.671

Writing model shards:   0%|          | 0/1 [00:00<?, ?it/s]
Writing model shards: 100%|██████████| 1/1 [00:00<00:00,  5.10it/s]
Writing model shards: 100%|██████████| 1/1 [00:00<00:00,  5.10it/s]
05:19:40 INFO    passo 18050 | perda 0.8569 | 189.0 pares/s | VRAM 1,508 MB
05:20:13 INFO    passo 18100 | perda 0.8352 | 189.0 pares/s | VRAM 1,508 MB
05:20:47 INFO    passo 18150 | perda 0.8278 | 189.0 pares/s | VRAM 1,508 MB
05:21:20 INFO    passo 18200 | perda 0.8513 | 189.0 pares/s | VRAM 1,508 MB
05:21:21 INFO      aval: recall@1 0.497 · recall@10 0.864 · MRR 0.624 · nDCG@10 0.678

Writing model shards:   0%|          | 0/1 [00:00<?, ?it/s]
Writing model shards: 100%|██████████| 1/1 [00:00<00:00,  5.12it/s]
Writing model shards: 100%|██████████| 1/1 [00:00<00:00,  5.11it/s]

Writing model shards:   0%|          | 0/1 [00:00<?, ?it/s]
Writing model shards: 100%|██████████| 1/1 [00:00<00:00,  5.14it/s]
Writing model shards: 100%|██████████| 1/1 [00:00<00:00,  5.14it/s]
05:21:22 INFO      ★ melhor até agora (nDCG@10 0.678) → phiemb-minilm-t4-melhor
05:21:56 INFO    passo 18250 | perda 0.8696 | 189.0 pares/s | VRAM 1,508 MB
05:22:29 INFO    passo 18300 | perda 0.8638 | 189.0 pares/s | VRAM 1,508 MB
05:23:03 INFO    passo 18350 | perda 0.8619 | 189.0 pares/s | VRAM 1,508 MB
05:23:36 INFO    passo 18400 | perda 0.8267 | 189.0 pares/s | VRAM 1,508 MB
05:23:37 INFO      aval: recall@1 0.488 · recall@10 0.861 · MRR 0.619 · nDCG@10 0.673

Writing model shards:   0%|          | 0/1 [00:00<?, ?it/s]
Writing model shards: 100%|██████████| 1/1 [00:00<00:00,  5.10it/s]
Writing model shards: 100%|██████████| 1/1 [00:00<00:00,  5.09it/s]
05:24:11 INFO    passo 18450 | perda 0.8508 | 189.0 pares/s | VRAM 1,508 MB
05:24:45 INFO    passo 18500 | perda 0.8617 | 189.0 pares/s | VRAM 1,508 MB
05:25:18 INFO    passo 18550 | perda 0.8126 | 189.0 pares/s | VRAM 1,508 MB
05:25:51 INFO    passo 18600 | perda 0.8609 | 189.0 pares/s | VRAM 1,508 MB
05:25:52 INFO      aval: recall@1 0.487 · recall@10 0.868 · MRR 0.618 · nDCG@10 0.674

Writing model shards:   0%|          | 0/1 [00:00<?, ?it/s]
Writing model shards: 100%|██████████| 1/1 [00:00<00:00,  5.06it/s]
Writing model shards: 100%|██████████| 1/1 [00:00<00:00,  5.05it/s]
05:26:27 INFO    passo 18650 | perda 0.8610 | 189.0 pares/s | VRAM 1,508 MB
05:27:00 INFO    passo 18700 | perda 0.8472 | 189.0 pares/s | VRAM 1,508 MB
05:27:33 INFO    passo 18750 | perda 0.8321 | 189.0 pares/s | VRAM 1,508 MB
05:28:06 INFO    passo 18800 | perda 0.8597 | 189.0 pares/s | VRAM 1,508 MB
05:28:08 INFO      aval: recall@1 0.475 · recall@10 0.868 · MRR 0.613 · nDCG@10 0.670

Writing model shards:   0%|          | 0/1 [00:00<?, ?it/s]
Writing model shards: 100%|██████████| 1/1 [00:00<00:00,  5.21it/s]
Writing model shards: 100%|██████████| 1/1 [00:00<00:00,  5.21it/s]
05:28:42 INFO    passo 18850 | perda 0.8714 | 189.0 pares/s | VRAM 1,508 MB
05:29:15 INFO    passo 18900 | perda 0.8428 | 189.0 pares/s | VRAM 1,508 MB
05:29:48 INFO    passo 18950 | perda 0.8328 | 189.0 pares/s | VRAM 1,508 MB
05:30:21 INFO    passo 19000 | perda 0.8548 | 189.0 pares/s | VRAM 1,508 MB
05:30:23 INFO      aval: recall@1 0.488 · recall@10 0.860 · MRR 0.622 · nDCG@10 0.675

Writing model shards:   0%|          | 0/1 [00:00<?, ?it/s]
Writing model shards: 100%|██████████| 1/1 [00:00<00:00,  5.22it/s]
Writing model shards: 100%|██████████| 1/1 [00:00<00:00,  5.21it/s]
05:30:57 INFO    passo 19050 | perda 0.8634 | 189.0 pares/s | VRAM 1,508 MB
05:31:30 INFO    passo 19100 | perda 0.8529 | 189.0 pares/s | VRAM 1,508 MB
05:32:04 INFO    passo 19150 | perda 0.8198 | 189.0 pares/s | VRAM 1,508 MB
05:32:37 INFO    passo 19200 | perda 0.8468 | 189.0 pares/s | VRAM 1,508 MB
05:32:38 INFO      aval: recall@1 0.486 · recall@10 0.863 · MRR 0.619 · nDCG@10 0.673

Writing model shards:   0%|          | 0/1 [00:00<?, ?it/s]
Writing model shards: 100%|██████████| 1/1 [00:00<00:00,  5.32it/s]
Writing model shards: 100%|██████████| 1/1 [00:00<00:00,  5.31it/s]
05:33:12 INFO    passo 19250 | perda 0.8797 | 189.0 pares/s | VRAM 1,508 MB
05:33:46 INFO    passo 19300 | perda 0.8573 | 189.0 pares/s | VRAM 1,508 MB
05:34:20 INFO    passo 19350 | perda 0.8412 | 189.0 pares/s | VRAM 1,508 MB
05:34:53 INFO    passo 19400 | perda 0.8378 | 189.0 pares/s | VRAM 1,508 MB
05:34:54 INFO      aval: recall@1 0.484 · recall@10 0.858 · MRR 0.617 · nDCG@10 0.670

Writing model shards:   0%|          | 0/1 [00:00<?, ?it/s]
Writing model shards: 100%|██████████| 1/1 [00:00<00:00,  5.07it/s]
Writing model shards: 100%|██████████| 1/1 [00:00<00:00,  5.07it/s]
05:35:28 INFO    passo 19450 | perda 0.8380 | 189.0 pares/s | VRAM 1,508 MB
05:36:01 INFO    passo 19500 | perda 0.8329 | 189.0 pares/s | VRAM 1,508 MB
05:36:35 INFO    passo 19550 | perda 0.8197 | 189.0 pares/s | VRAM 1,508 MB
05:37:08 INFO    passo 19600 | perda 0.8712 | 189.0 pares/s | VRAM 1,508 MB
05:37:09 INFO      aval: recall@1 0.492 · recall@10 0.862 · MRR 0.622 · nDCG@10 0.676

Writing model shards:   0%|          | 0/1 [00:00<?, ?it/s]
Writing model shards: 100%|██████████| 1/1 [00:00<00:00,  5.24it/s]
Writing model shards: 100%|██████████| 1/1 [00:00<00:00,  5.23it/s]
05:37:43 INFO    passo 19650 | perda 0.8440 | 189.0 pares/s | VRAM 1,508 MB
05:38:16 INFO    passo 19700 | perda 0.8451 | 189.0 pares/s | VRAM 1,508 MB
05:38:50 INFO    passo 19750 | perda 0.8464 | 189.0 pares/s | VRAM 1,508 MB
05:39:23 INFO    passo 19800 | perda 0.8139 | 189.0 pares/s | VRAM 1,508 MB
05:39:25 INFO      aval: recall@1 0.493 · recall@10 0.862 · MRR 0.621 · nDCG@10 0.675

Writing model shards:   0%|          | 0/1 [00:00<?, ?it/s]
Writing model shards: 100%|██████████| 1/1 [00:00<00:00,  5.22it/s]
Writing model shards: 100%|██████████| 1/1 [00:00<00:00,  5.21it/s]
05:39:59 INFO    passo 19850 | perda 0.8511 | 189.0 pares/s | VRAM 1,508 MB
05:40:32 INFO    passo 19900 | perda 0.8313 | 189.0 pares/s | VRAM 1,508 MB
05:41:05 INFO    passo 19950 | perda 0.8440 | 189.0 pares/s | VRAM 1,508 MB
05:41:38 INFO    passo 20000 | perda 0.8217 | 189.0 pares/s | VRAM 1,508 MB
05:41:40 INFO      aval: recall@1 0.492 · recall@10 0.863 · MRR 0.621 · nDCG@10 0.675

Writing model shards:   0%|          | 0/1 [00:00<?, ?it/s]
Writing model shards: 100%|██████████| 1/1 [00:00<00:00,  5.06it/s]
Writing model shards: 100%|██████████| 1/1 [00:00<00:00,  5.05it/s]
05:42:13 INFO    passo 20050 | perda 0.8510 | 189.0 pares/s | VRAM 1,508 MB
05:42:47 INFO    passo 20100 | perda 0.8524 | 189.0 pares/s | VRAM 1,508 MB
05:43:20 INFO    passo 20150 | perda 0.8494 | 189.0 pares/s | VRAM 1,508 MB
05:43:53 INFO    passo 20200 | perda 0.8236 | 189.1 pares/s | VRAM 1,508 MB
05:43:55 INFO      aval: recall@1 0.492 · recall@10 0.863 · MRR 0.621 · nDCG@10 0.675

Writing model shards:   0%|          | 0/1 [00:00<?, ?it/s]
Writing model shards: 100%|██████████| 1/1 [00:00<00:00,  5.09it/s]
Writing model shards: 100%|██████████| 1/1 [00:00<00:00,  5.09it/s]
05:44:29 INFO    passo 20250 | perda 0.8236 | 189.0 pares/s | VRAM 1,508 MB
05:45:02 INFO    passo 20300 | perda 0.7743 | 189.0 pares/s | VRAM 1,508 MB
05:45:35 INFO    passo 20350 | perda 0.8529 | 189.0 pares/s | VRAM 1,508 MB
05:46:08 INFO    passo 20400 | perda 0.8453 | 189.1 pares/s | VRAM 1,508 MB
05:46:10 INFO      aval: recall@1 0.492 · recall@10 0.862 · MRR 0.622 · nDCG@10 0.675

Writing model shards:   0%|          | 0/1 [00:00<?, ?it/s]
Writing model shards: 100%|██████████| 1/1 [00:00<00:00,  4.97it/s]
Writing model shards: 100%|██████████| 1/1 [00:00<00:00,  4.96it/s]
05:46:44 INFO    passo 20450 | perda 0.8488 | 189.0 pares/s | VRAM 1,508 MB
05:47:17 INFO    passo 20500 | perda 0.8565 | 189.0 pares/s | VRAM 1,508 MB
05:47:51 INFO    passo 20550 | perda 0.8384 | 189.0 pares/s | VRAM 1,508 MB
05:48:24 INFO    passo 20600 | perda 0.8239 | 189.1 pares/s | VRAM 1,508 MB
05:48:25 INFO      aval: recall@1 0.493 · recall@10 0.862 · MRR 0.619 · nDCG@10 0.673

Writing model shards:   0%|          | 0/1 [00:00<?, ?it/s]
Writing model shards: 100%|██████████| 1/1 [00:00<00:00,  5.03it/s]
Writing model shards: 100%|██████████| 1/1 [00:00<00:00,  5.03it/s]
05:48:59 INFO    passo 20650 | perda 0.8236 | 189.0 pares/s | VRAM 1,508 MB
05:49:32 INFO    passo 20700 | perda 0.8095 | 189.0 pares/s | VRAM 1,508 MB
05:50:06 INFO    passo 20750 | perda 0.8658 | 189.0 pares/s | VRAM 1,508 MB
05:50:39 INFO    passo 20800 | perda 0.8791 | 189.1 pares/s | VRAM 1,508 MB
05:50:40 INFO      aval: recall@1 0.478 · recall@10 0.864 · MRR 0.615 · nDCG@10 0.671

Writing model shards:   0%|          | 0/1 [00:00<?, ?it/s]
Writing model shards: 100%|██████████| 1/1 [00:00<00:00,  5.23it/s]
Writing model shards: 100%|██████████| 1/1 [00:00<00:00,  5.22it/s]
05:51:14 INFO    passo 20850 | perda 0.8635 | 189.0 pares/s | VRAM 1,508 MB
05:51:47 INFO    passo 20900 | perda 0.8305 | 189.0 pares/s | VRAM 1,508 MB
05:52:21 INFO    passo 20950 | perda 0.8270 | 189.0 pares/s | VRAM 1,508 MB
05:52:54 INFO    passo 21000 | perda 0.8587 | 189.1 pares/s | VRAM 1,508 MB
05:52:56 INFO      aval: recall@1 0.489 · recall@10 0.866 · MRR 0.618 · nDCG@10 0.674

Writing model shards:   0%|          | 0/1 [00:00<?, ?it/s]
Writing model shards: 100%|██████████| 1/1 [00:00<00:00,  5.02it/s]
Writing model shards: 100%|██████████| 1/1 [00:00<00:00,  5.01it/s]
05:53:30 INFO    passo 21050 | perda 0.8163 | 189.0 pares/s | VRAM 1,508 MB
05:54:03 INFO    passo 21100 | perda 0.8220 | 189.0 pares/s | VRAM 1,508 MB
05:54:37 INFO    passo 21150 | perda 0.8298 | 189.0 pares/s | VRAM 1,508 MB
05:55:10 INFO    passo 21200 | perda 0.8057 | 189.1 pares/s | VRAM 1,508 MB
05:55:11 INFO      aval: recall@1 0.487 · recall@10 0.867 · MRR 0.618 · nDCG@10 0.674

Writing model shards:   0%|          | 0/1 [00:00<?, ?it/s]
Writing model shards: 100%|██████████| 1/1 [00:00<00:00,  4.89it/s]
Writing model shards: 100%|██████████| 1/1 [00:00<00:00,  4.89it/s]
05:55:45 INFO    passo 21250 | perda 0.8295 | 189.0 pares/s | VRAM 1,508 MB
05:56:18 INFO    passo 21300 | perda 0.8237 | 189.0 pares/s | VRAM 1,508 MB
05:56:52 INFO    passo 21350 | perda 0.8084 | 189.0 pares/s | VRAM 1,508 MB
05:57:25 INFO    passo 21400 | perda 0.8531 | 189.1 pares/s | VRAM 1,508 MB
05:57:27 INFO      aval: recall@1 0.496 · recall@10 0.872 · MRR 0.622 · nDCG@10 0.678

Writing model shards:   0%|          | 0/1 [00:00<?, ?it/s]
Writing model shards: 100%|██████████| 1/1 [00:00<00:00,  4.99it/s]
Writing model shards: 100%|██████████| 1/1 [00:00<00:00,  4.98it/s]

Writing model shards:   0%|          | 0/1 [00:00<?, ?it/s]
Writing model shards: 100%|██████████| 1/1 [00:00<00:00,  5.76it/s]
Writing model shards: 100%|██████████| 1/1 [00:00<00:00,  5.75it/s]
05:57:27 INFO      ★ melhor até agora (nDCG@10 0.678) → phiemb-minilm-t4-melhor
05:58:01 INFO    passo 21450 | perda 0.8397 | 189.0 pares/s | VRAM 1,508 MB
05:58:34 INFO    passo 21500 | perda 0.8285 | 189.0 pares/s | VRAM 1,508 MB
05:59:08 INFO    passo 21550 | perda 0.8096 | 189.0 pares/s | VRAM 1,508 MB
05:59:41 INFO    passo 21600 | perda 0.8431 | 189.0 pares/s | VRAM 1,508 MB
05:59:43 INFO      aval: recall@1 0.499 · recall@10 0.872 · MRR 0.624 · nDCG@10 0.680

Writing model shards:   0%|          | 0/1 [00:00<?, ?it/s]
Writing model shards: 100%|██████████| 1/1 [00:00<00:00,  5.05it/s]
Writing model shards: 100%|██████████| 1/1 [00:00<00:00,  5.05it/s]

Writing model shards:   0%|          | 0/1 [00:00<?, ?it/s]
Writing model shards: 100%|██████████| 1/1 [00:00<00:00,  5.35it/s]
Writing model shards: 100%|██████████| 1/1 [00:00<00:00,  5.34it/s]
05:59:43 INFO      ★ melhor até agora (nDCG@10 0.680) → phiemb-minilm-t4-melhor
06:00:17 INFO    passo 21650 | perda 0.8391 | 189.0 pares/s | VRAM 1,508 MB
06:00:50 INFO    passo 21700 | perda 0.8136 | 189.0 pares/s | VRAM 1,508 MB
06:01:24 INFO    passo 21750 | perda 0.8152 | 189.0 pares/s | VRAM 1,508 MB
06:01:57 INFO    passo 21800 | perda 0.8691 | 189.0 pares/s | VRAM 1,508 MB
06:01:58 INFO      aval: recall@1 0.488 · recall@10 0.874 · MRR 0.620 · nDCG@10 0.678

Writing model shards:   0%|          | 0/1 [00:00<?, ?it/s]
Writing model shards: 100%|██████████| 1/1 [00:00<00:00,  4.83it/s]
Writing model shards: 100%|██████████| 1/1 [00:00<00:00,  4.83it/s]
06:02:32 INFO    passo 21850 | perda 0.8013 | 189.0 pares/s | VRAM 1,508 MB
06:03:05 INFO    passo 21900 | perda 0.8253 | 189.0 pares/s | VRAM 1,508 MB
06:03:39 INFO    passo 21950 | perda 0.8428 | 189.0 pares/s | VRAM 1,508 MB
06:04:12 INFO    passo 22000 | perda 0.8412 | 189.0 pares/s | VRAM 1,508 MB
06:04:14 INFO      aval: recall@1 0.481 · recall@10 0.871 · MRR 0.614 · nDCG@10 0.672

Writing model shards:   0%|          | 0/1 [00:00<?, ?it/s]
Writing model shards: 100%|██████████| 1/1 [00:00<00:00,  5.15it/s]
Writing model shards: 100%|██████████| 1/1 [00:00<00:00,  5.14it/s]
06:04:48 INFO    passo 22050 | perda 0.8118 | 189.0 pares/s | VRAM 1,508 MB
06:05:21 INFO    passo 22100 | perda 0.8164 | 189.0 pares/s | VRAM 1,508 MB
06:05:55 INFO    passo 22150 | perda 0.8556 | 189.0 pares/s | VRAM 1,508 MB
06:06:28 INFO    passo 22200 | perda 0.8273 | 189.0 pares/s | VRAM 1,508 MB
06:06:29 INFO      aval: recall@1 0.492 · recall@10 0.874 · MRR 0.622 · nDCG@10 0.679

Writing model shards:   0%|          | 0/1 [00:00<?, ?it/s]
Writing model shards: 100%|██████████| 1/1 [00:00<00:00,  5.21it/s]
Writing model shards: 100%|██████████| 1/1 [00:00<00:00,  5.21it/s]
06:07:03 INFO    passo 22250 | perda 0.7849 | 189.0 pares/s | VRAM 1,508 MB
06:07:36 INFO    passo 22300 | perda 0.8296 | 189.0 pares/s | VRAM 1,508 MB
06:08:10 INFO    passo 22350 | perda 0.8623 | 189.0 pares/s | VRAM 1,508 MB
06:08:43 INFO    passo 22400 | perda 0.8432 | 189.0 pares/s | VRAM 1,508 MB
06:08:44 INFO      aval: recall@1 0.489 · recall@10 0.874 · MRR 0.621 · nDCG@10 0.678

Writing model shards:   0%|          | 0/1 [00:00<?, ?it/s]
Writing model shards: 100%|██████████| 1/1 [00:00<00:00,  5.01it/s]
Writing model shards: 100%|██████████| 1/1 [00:00<00:00,  5.00it/s]
06:09:19 INFO    passo 22450 | perda 0.8098 | 189.0 pares/s | VRAM 1,508 MB
06:09:52 INFO    passo 22500 | perda 0.8143 | 189.0 pares/s | VRAM 1,508 MB
06:10:26 INFO    passo 22550 | perda 0.8120 | 189.0 pares/s | VRAM 1,508 MB
06:10:58 INFO    passo 22600 | perda 0.8192 | 189.0 pares/s | VRAM 1,508 MB
06:11:00 INFO      aval: recall@1 0.484 · recall@10 0.869 · MRR 0.617 · nDCG@10 0.674

Writing model shards:   0%|          | 0/1 [00:00<?, ?it/s]
Writing model shards: 100%|██████████| 1/1 [00:00<00:00,  5.05it/s]
Writing model shards: 100%|██████████| 1/1 [00:00<00:00,  5.04it/s]
06:11:34 INFO    passo 22650 | perda 0.8094 | 189.0 pares/s | VRAM 1,508 MB
06:12:07 INFO    passo 22700 | perda 0.8344 | 189.0 pares/s | VRAM 1,508 MB
06:12:40 INFO    passo 22750 | perda 0.7935 | 189.0 pares/s | VRAM 1,508 MB
06:13:13 INFO    passo 22800 | perda 0.8149 | 189.1 pares/s | VRAM 1,508 MB
06:13:15 INFO      aval: recall@1 0.493 · recall@10 0.867 · MRR 0.623 · nDCG@10 0.678

Writing model shards:   0%|          | 0/1 [00:00<?, ?it/s]
Writing model shards: 100%|██████████| 1/1 [00:00<00:00,  5.15it/s]
Writing model shards: 100%|██████████| 1/1 [00:00<00:00,  5.14it/s]
06:13:49 INFO    passo 22850 | perda 0.8053 | 189.0 pares/s | VRAM 1,508 MB
06:14:22 INFO    passo 22900 | perda 0.8325 | 189.0 pares/s | VRAM 1,508 MB
06:14:55 INFO    passo 22950 | perda 0.8418 | 189.0 pares/s | VRAM 1,508 MB
06:15:29 INFO    passo 23000 | perda 0.8083 | 189.1 pares/s | VRAM 1,508 MB
06:15:30 INFO      aval: recall@1 0.492 · recall@10 0.865 · MRR 0.621 · nDCG@10 0.675

Writing model shards:   0%|          | 0/1 [00:00<?, ?it/s]
Writing model shards: 100%|██████████| 1/1 [00:00<00:00,  5.12it/s]
Writing model shards: 100%|██████████| 1/1 [00:00<00:00,  5.12it/s]
06:16:04 INFO    passo 23050 | perda 0.8289 | 189.0 pares/s | VRAM 1,508 MB
06:16:37 INFO    passo 23100 | perda 0.8544 | 189.0 pares/s | VRAM 1,508 MB
06:17:11 INFO    passo 23150 | perda 0.8190 | 189.0 pares/s | VRAM 1,508 MB
06:17:44 INFO    passo 23200 | perda 0.7776 | 189.1 pares/s | VRAM 1,508 MB
06:17:45 INFO      aval: recall@1 0.491 · recall@10 0.868 · MRR 0.622 · nDCG@10 0.678

Writing model shards:   0%|          | 0/1 [00:00<?, ?it/s]
Writing model shards: 100%|██████████| 1/1 [00:00<00:00,  5.23it/s]
Writing model shards: 100%|██████████| 1/1 [00:00<00:00,  5.22it/s]
06:18:19 INFO    passo 23250 | perda 0.8397 | 189.0 pares/s | VRAM 1,508 MB
06:18:52 INFO    passo 23300 | perda 0.8295 | 189.0 pares/s | VRAM 1,508 MB
06:19:26 INFO    passo 23350 | perda 0.8274 | 189.0 pares/s | VRAM 1,508 MB
06:19:59 INFO    passo 23400 | perda 0.8342 | 189.1 pares/s | VRAM 1,508 MB
06:20:01 INFO      aval: recall@1 0.486 · recall@10 0.872 · MRR 0.620 · nDCG@10 0.676

Writing model shards:   0%|          | 0/1 [00:00<?, ?it/s]
Writing model shards: 100%|██████████| 1/1 [00:00<00:00,  5.22it/s]
Writing model shards: 100%|██████████| 1/1 [00:00<00:00,  5.22it/s]
06:20:35 INFO    passo 23450 | perda 0.7994 | 189.0 pares/s | VRAM 1,508 MB
06:21:08 INFO    passo 23500 | perda 0.8475 | 189.0 pares/s | VRAM 1,508 MB
06:21:41 INFO    passo 23550 | perda 0.8020 | 189.1 pares/s | VRAM 1,508 MB
06:22:14 INFO    passo 23600 | perda 0.8024 | 189.1 pares/s | VRAM 1,508 MB
06:22:16 INFO      aval: recall@1 0.489 · recall@10 0.869 · MRR 0.620 · nDCG@10 0.676

Writing model shards:   0%|          | 0/1 [00:00<?, ?it/s]
Writing model shards: 100%|██████████| 1/1 [00:00<00:00,  5.49it/s]
Writing model shards: 100%|██████████| 1/1 [00:00<00:00,  5.48it/s]
06:22:50 INFO    passo 23650 | perda 0.7992 | 189.0 pares/s | VRAM 1,508 MB
06:23:23 INFO    passo 23700 | perda 0.8156 | 189.0 pares/s | VRAM 1,508 MB
06:23:57 INFO    passo 23750 | perda 0.8519 | 189.1 pares/s | VRAM 1,508 MB
06:24:30 INFO    passo 23800 | perda 0.8202 | 189.1 pares/s | VRAM 1,508 MB
06:24:31 INFO      aval: recall@1 0.491 · recall@10 0.865 · MRR 0.622 · nDCG@10 0.676

Writing model shards:   0%|          | 0/1 [00:00<?, ?it/s]
Writing model shards: 100%|██████████| 1/1 [00:00<00:00,  5.19it/s]
Writing model shards: 100%|██████████| 1/1 [00:00<00:00,  5.19it/s]
06:25:05 INFO    passo 23850 | perda 0.8137 | 189.0 pares/s | VRAM 1,508 MB
06:25:38 INFO    passo 23900 | perda 0.8277 | 189.0 pares/s | VRAM 1,508 MB
06:26:12 INFO    passo 23950 | perda 0.8054 | 189.1 pares/s | VRAM 1,508 MB
06:26:45 INFO    passo 24000 | perda 0.8100 | 189.1 pares/s | VRAM 1,508 MB
06:26:46 INFO      aval: recall@1 0.497 · recall@10 0.869 · MRR 0.626 · nDCG@10 0.681

Writing model shards:   0%|          | 0/1 [00:00<?, ?it/s]
Writing model shards: 100%|██████████| 1/1 [00:00<00:00,  5.40it/s]
Writing model shards: 100%|██████████| 1/1 [00:00<00:00,  5.39it/s]

Writing model shards:   0%|          | 0/1 [00:00<?, ?it/s]
Writing model shards: 100%|██████████| 1/1 [00:00<00:00,  6.09it/s]
Writing model shards: 100%|██████████| 1/1 [00:00<00:00,  6.08it/s]
06:26:47 INFO      ★ melhor até agora (nDCG@10 0.681) → phiemb-minilm-t4-melhor
06:27:21 INFO    passo 24050 | perda 0.8046 | 189.0 pares/s | VRAM 1,508 MB
06:27:54 INFO    passo 24100 | perda 0.8201 | 189.0 pares/s | VRAM 1,508 MB
06:28:28 INFO    passo 24150 | perda 0.7849 | 189.1 pares/s | VRAM 1,508 MB
06:29:01 INFO    passo 24200 | perda 0.7916 | 189.1 pares/s | VRAM 1,508 MB
06:29:02 INFO      aval: recall@1 0.496 · recall@10 0.869 · MRR 0.626 · nDCG@10 0.680

Writing model shards:   0%|          | 0/1 [00:00<?, ?it/s]
Writing model shards: 100%|██████████| 1/1 [00:00<00:00,  5.10it/s]
Writing model shards: 100%|██████████| 1/1 [00:00<00:00,  5.09it/s]
06:29:36 INFO    passo 24250 | perda 0.8232 | 189.0 pares/s | VRAM 1,508 MB
06:30:09 INFO    passo 24300 | perda 0.8266 | 189.1 pares/s | VRAM 1,508 MB
06:30:42 INFO    passo 24350 | perda 0.8158 | 189.1 pares/s | VRAM 1,508 MB
06:31:16 INFO    passo 24400 | perda 0.8116 | 189.1 pares/s | VRAM 1,508 MB
06:31:17 INFO      aval: recall@1 0.487 · recall@10 0.871 · MRR 0.619 · nDCG@10 0.676

Writing model shards:   0%|          | 0/1 [00:00<?, ?it/s]
Writing model shards: 100%|██████████| 1/1 [00:00<00:00,  5.02it/s]
Writing model shards: 100%|██████████| 1/1 [00:00<00:00,  5.02it/s]
06:31:51 INFO    passo 24450 | perda 0.8229 | 189.0 pares/s | VRAM 1,508 MB
06:32:24 INFO    passo 24500 | perda 0.8307 | 189.1 pares/s | VRAM 1,508 MB
06:32:58 INFO    passo 24550 | perda 0.7995 | 189.1 pares/s | VRAM 1,508 MB
06:33:31 INFO    passo 24600 | perda 0.8051 | 189.1 pares/s | VRAM 1,508 MB
06:33:32 INFO      aval: recall@1 0.494 · recall@10 0.869 · MRR 0.623 · nDCG@10 0.678

Writing model shards:   0%|          | 0/1 [00:00<?, ?it/s]
Writing model shards: 100%|██████████| 1/1 [00:00<00:00,  5.06it/s]
Writing model shards: 100%|██████████| 1/1 [00:00<00:00,  5.06it/s]
06:34:06 INFO    passo 24650 | perda 0.8049 | 189.0 pares/s | VRAM 1,508 MB
06:34:40 INFO    passo 24700 | perda 0.8098 | 189.1 pares/s | VRAM 1,508 MB
06:35:13 INFO    passo 24750 | perda 0.8227 | 189.1 pares/s | VRAM 1,508 MB
06:35:46 INFO    passo 24800 | perda 0.8123 | 189.1 pares/s | VRAM 1,508 MB
06:35:48 INFO      aval: recall@1 0.494 · recall@10 0.866 · MRR 0.625 · nDCG@10 0.679

Writing model shards:   0%|          | 0/1 [00:00<?, ?it/s]
Writing model shards: 100%|██████████| 1/1 [00:00<00:00,  5.15it/s]
Writing model shards: 100%|██████████| 1/1 [00:00<00:00,  5.14it/s]
06:36:22 INFO    passo 24850 | perda 0.8191 | 189.0 pares/s | VRAM 1,508 MB
06:36:55 INFO    passo 24900 | perda 0.8342 | 189.1 pares/s | VRAM 1,508 MB
06:37:28 INFO    passo 24950 | perda 0.8164 | 189.1 pares/s | VRAM 1,508 MB
06:38:01 INFO    passo 25000 | perda 0.8130 | 189.1 pares/s | VRAM 1,508 MB
06:38:03 INFO      aval: recall@1 0.492 · recall@10 0.871 · MRR 0.626 · nDCG@10 0.681

Writing model shards:   0%|          | 0/1 [00:00<?, ?it/s]
Writing model shards: 100%|██████████| 1/1 [00:00<00:00,  4.65it/s]
Writing model shards: 100%|██████████| 1/1 [00:00<00:00,  4.64it/s]

Writing model shards:   0%|          | 0/1 [00:00<?, ?it/s]
Writing model shards: 100%|██████████| 1/1 [00:00<00:00,  4.76it/s]
Writing model shards: 100%|██████████| 1/1 [00:00<00:00,  4.75it/s]
06:38:03 INFO      ★ melhor até agora (nDCG@10 0.681) → phiemb-minilm-t4-melhor
06:38:38 INFO    passo 25050 | perda 0.7839 | 189.0 pares/s | VRAM 1,508 MB
06:39:11 INFO    passo 25100 | perda 0.7965 | 189.1 pares/s | VRAM 1,508 MB
06:39:44 INFO    passo 25150 | perda 0.8175 | 189.1 pares/s | VRAM 1,508 MB
06:40:18 INFO    passo 25200 | perda 0.8122 | 189.1 pares/s | VRAM 1,508 MB
06:40:19 INFO      aval: recall@1 0.496 · recall@10 0.868 · MRR 0.626 · nDCG@10 0.680

Writing model shards:   0%|          | 0/1 [00:00<?, ?it/s]
Writing model shards: 100%|██████████| 1/1 [00:00<00:00,  5.28it/s]
Writing model shards: 100%|██████████| 1/1 [00:00<00:00,  5.27it/s]
06:40:53 INFO    passo 25250 | perda 0.7911 | 189.0 pares/s | VRAM 1,508 MB
06:41:26 INFO    passo 25300 | perda 0.7986 | 189.1 pares/s | VRAM 1,508 MB
06:42:00 INFO    passo 25350 | perda 0.7846 | 189.0 pares/s | VRAM 1,508 MB
06:42:33 INFO    passo 25400 | perda 0.8305 | 189.1 pares/s | VRAM 1,508 MB
06:42:35 INFO      aval: recall@1 0.490 · recall@10 0.866 · MRR 0.623 · nDCG@10 0.677

Writing model shards:   0%|          | 0/1 [00:00<?, ?it/s]
Writing model shards: 100%|██████████| 1/1 [00:00<00:00,  5.18it/s]
Writing model shards: 100%|██████████| 1/1 [00:00<00:00,  5.17it/s]
06:43:09 INFO    passo 25450 | perda 0.8008 | 189.0 pares/s | VRAM 1,508 MB
06:43:42 INFO    passo 25500 | perda 0.8239 | 189.1 pares/s | VRAM 1,508 MB
06:44:15 INFO    passo 25550 | perda 0.7889 | 189.1 pares/s | VRAM 1,508 MB
06:44:48 INFO    passo 25600 | perda 0.7954 | 189.1 pares/s | VRAM 1,508 MB
06:44:50 INFO      aval: recall@1 0.492 · recall@10 0.873 · MRR 0.625 · nDCG@10 0.681

Writing model shards:   0%|          | 0/1 [00:00<?, ?it/s]
Writing model shards: 100%|██████████| 1/1 [00:00<00:00,  5.29it/s]
Writing model shards: 100%|██████████| 1/1 [00:00<00:00,  5.28it/s]
06:45:24 INFO    passo 25650 | perda 0.8354 | 189.0 pares/s | VRAM 1,508 MB
06:45:56 INFO    passo 25700 | perda 0.8155 | 189.1 pares/s | VRAM 1,508 MB
06:46:30 INFO    passo 25750 | perda 0.8093 | 189.1 pares/s | VRAM 1,508 MB
06:47:03 INFO    passo 25800 | perda 0.8007 | 189.1 pares/s | VRAM 1,508 MB
06:47:04 INFO      aval: recall@1 0.506 · recall@10 0.872 · MRR 0.633 · nDCG@10 0.686

Writing model shards:   0%|          | 0/1 [00:00<?, ?it/s]
Writing model shards: 100%|██████████| 1/1 [00:00<00:00,  5.16it/s]
Writing model shards: 100%|██████████| 1/1 [00:00<00:00,  5.15it/s]

Writing model shards:   0%|          | 0/1 [00:00<?, ?it/s]
Writing model shards: 100%|██████████| 1/1 [00:00<00:00,  5.39it/s]
Writing model shards: 100%|██████████| 1/1 [00:00<00:00,  5.38it/s]
06:47:05 INFO      ★ melhor até agora (nDCG@10 0.686) → phiemb-minilm-t4-melhor
06:47:38 INFO    passo 25850 | perda 0.8093 | 189.1 pares/s | VRAM 1,508 MB
06:48:12 INFO    passo 25900 | perda 0.7946 | 189.1 pares/s | VRAM 1,508 MB
06:48:45 INFO    passo 25950 | perda 0.7957 | 189.1 pares/s | VRAM 1,508 MB
06:49:18 INFO    passo 26000 | perda 0.8417 | 189.1 pares/s | VRAM 1,508 MB
06:49:20 INFO      aval: recall@1 0.499 · recall@10 0.873 · MRR 0.628 · nDCG@10 0.683

Writing model shards:   0%|          | 0/1 [00:00<?, ?it/s]
Writing model shards: 100%|██████████| 1/1 [00:00<00:00,  5.13it/s]
Writing model shards: 100%|██████████| 1/1 [00:00<00:00,  5.12it/s]
06:49:54 INFO    passo 26050 | perda 0.7829 | 189.1 pares/s | VRAM 1,508 MB
06:50:27 INFO    passo 26100 | perda 0.7792 | 189.1 pares/s | VRAM 1,508 MB
06:51:01 INFO    passo 26150 | perda 0.8125 | 189.1 pares/s | VRAM 1,508 MB
06:51:34 INFO    passo 26200 | perda 0.8006 | 189.1 pares/s | VRAM 1,508 MB
06:51:35 INFO      aval: recall@1 0.499 · recall@10 0.872 · MRR 0.627 · nDCG@10 0.682

Writing model shards:   0%|          | 0/1 [00:00<?, ?it/s]
Writing model shards: 100%|██████████| 1/1 [00:00<00:00,  5.11it/s]
Writing model shards: 100%|██████████| 1/1 [00:00<00:00,  5.10it/s]
06:52:09 INFO    passo 26250 | perda 0.7883 | 189.1 pares/s | VRAM 1,508 MB
06:52:42 INFO    passo 26300 | perda 0.7806 | 189.1 pares/s | VRAM 1,508 MB
06:53:16 INFO    passo 26350 | perda 0.8084 | 189.1 pares/s | VRAM 1,508 MB
06:53:49 INFO    passo 26400 | perda 0.8163 | 189.1 pares/s | VRAM 1,508 MB
06:53:50 INFO      aval: recall@1 0.494 · recall@10 0.871 · MRR 0.629 · nDCG@10 0.684

Writing model shards:   0%|          | 0/1 [00:00<?, ?it/s]
Writing model shards: 100%|██████████| 1/1 [00:00<00:00,  5.77it/s]
Writing model shards: 100%|██████████| 1/1 [00:00<00:00,  5.76it/s]
06:54:24 INFO    passo 26450 | perda 0.8437 | 189.1 pares/s | VRAM 1,508 MB
06:54:57 INFO    passo 26500 | perda 0.8115 | 189.1 pares/s | VRAM 1,508 MB
06:55:30 INFO    passo 26550 | perda 0.7820 | 189.1 pares/s | VRAM 1,508 MB
06:56:03 INFO    passo 26600 | perda 0.8191 | 189.1 pares/s | VRAM 1,508 MB
06:56:05 INFO      aval: recall@1 0.494 · recall@10 0.876 · MRR 0.627 · nDCG@10 0.683

Writing model shards:   0%|          | 0/1 [00:00<?, ?it/s]
Writing model shards: 100%|██████████| 1/1 [00:00<00:00,  5.62it/s]
Writing model shards: 100%|██████████| 1/1 [00:00<00:00,  5.61it/s]
06:56:39 INFO    passo 26650 | perda 0.7895 | 189.1 pares/s | VRAM 1,508 MB
06:57:12 INFO    passo 26700 | perda 0.8138 | 189.1 pares/s | VRAM 1,508 MB
06:57:45 INFO    passo 26750 | perda 0.8315 | 189.1 pares/s | VRAM 1,508 MB
06:58:18 INFO    passo 26800 | perda 0.7931 | 189.1 pares/s | VRAM 1,508 MB
06:58:20 INFO      aval: recall@1 0.494 · recall@10 0.875 · MRR 0.627 · nDCG@10 0.683

Writing model shards:   0%|          | 0/1 [00:00<?, ?it/s]
Writing model shards: 100%|██████████| 1/1 [00:00<00:00,  5.62it/s]
Writing model shards: 100%|██████████| 1/1 [00:00<00:00,  5.62it/s]
06:58:54 INFO    passo 26850 | perda 0.7884 | 189.1 pares/s | VRAM 1,508 MB
06:59:27 INFO    passo 26900 | perda 0.8172 | 189.1 pares/s | VRAM 1,508 MB
07:00:00 INFO    passo 26950 | perda 0.7760 | 189.1 pares/s | VRAM 1,508 MB
07:00:33 INFO    passo 27000 | perda 0.7625 | 189.1 pares/s | VRAM 1,508 MB
07:00:35 INFO      aval: recall@1 0.489 · recall@10 0.868 · MRR 0.625 · nDCG@10 0.679

Writing model shards:   0%|          | 0/1 [00:00<?, ?it/s]
Writing model shards: 100%|██████████| 1/1 [00:00<00:00,  5.05it/s]
Writing model shards: 100%|██████████| 1/1 [00:00<00:00,  5.04it/s]
07:01:09 INFO    passo 27050 | perda 0.7885 | 189.1 pares/s | VRAM 1,508 MB
07:01:42 INFO    passo 27100 | perda 0.8038 | 189.1 pares/s | VRAM 1,508 MB
07:02:15 INFO    passo 27150 | perda 0.7798 | 189.1 pares/s | VRAM 1,508 MB
07:02:48 INFO    passo 27200 | perda 0.8234 | 189.1 pares/s | VRAM 1,508 MB
07:02:50 INFO      aval: recall@1 0.495 · recall@10 0.869 · MRR 0.625 · nDCG@10 0.679

Writing model shards:   0%|          | 0/1 [00:00<?, ?it/s]
Writing model shards: 100%|██████████| 1/1 [00:00<00:00,  4.98it/s]
Writing model shards: 100%|██████████| 1/1 [00:00<00:00,  4.97it/s]
07:03:24 INFO    passo 27250 | perda 0.8029 | 189.1 pares/s | VRAM 1,508 MB
07:03:57 INFO    passo 27300 | perda 0.8101 | 189.1 pares/s | VRAM 1,508 MB
07:04:31 INFO    passo 27350 | perda 0.8005 | 189.1 pares/s | VRAM 1,508 MB
07:05:04 INFO    passo 27400 | perda 0.7949 | 189.1 pares/s | VRAM 1,508 MB
07:05:05 INFO      aval: recall@1 0.500 · recall@10 0.872 · MRR 0.628 · nDCG@10 0.683

Writing model shards:   0%|          | 0/1 [00:00<?, ?it/s]
Writing model shards: 100%|██████████| 1/1 [00:00<00:00,  5.07it/s]
Writing model shards: 100%|██████████| 1/1 [00:00<00:00,  5.07it/s]
07:05:39 INFO    passo 27450 | perda 0.7766 | 189.1 pares/s | VRAM 1,508 MB
07:06:12 INFO    passo 27500 | perda 0.8230 | 189.1 pares/s | VRAM 1,508 MB
07:06:46 INFO    passo 27550 | perda 0.8160 | 189.1 pares/s | VRAM 1,508 MB
07:07:19 INFO    passo 27600 | perda 0.7872 | 189.1 pares/s | VRAM 1,508 MB
07:07:20 INFO      aval: recall@1 0.500 · recall@10 0.877 · MRR 0.627 · nDCG@10 0.684

Writing model shards:   0%|          | 0/1 [00:00<?, ?it/s]
Writing model shards: 100%|██████████| 1/1 [00:00<00:00,  5.27it/s]
Writing model shards: 100%|██████████| 1/1 [00:00<00:00,  5.27it/s]
07:07:54 INFO    passo 27650 | perda 0.7927 | 189.1 pares/s | VRAM 1,508 MB
07:08:27 INFO    passo 27700 | perda 0.8210 | 189.1 pares/s | VRAM 1,508 MB
07:09:01 INFO    passo 27750 | perda 0.8027 | 189.1 pares/s | VRAM 1,508 MB
07:09:34 INFO    passo 27800 | perda 0.8265 | 189.1 pares/s | VRAM 1,508 MB
07:09:36 INFO      aval: recall@1 0.501 · recall@10 0.873 · MRR 0.630 · nDCG@10 0.685

Writing model shards:   0%|          | 0/1 [00:00<?, ?it/s]
Writing model shards: 100%|██████████| 1/1 [00:00<00:00,  5.17it/s]
Writing model shards: 100%|██████████| 1/1 [00:00<00:00,  5.17it/s]
07:10:10 INFO    passo 27850 | perda 0.8148 | 189.1 pares/s | VRAM 1,508 MB
07:10:43 INFO    passo 27900 | perda 0.8015 | 189.1 pares/s | VRAM 1,508 MB
07:11:17 INFO    passo 27950 | perda 0.8148 | 189.1 pares/s | VRAM 1,508 MB
07:11:50 INFO    passo 28000 | perda 0.8013 | 189.1 pares/s | VRAM 1,508 MB
07:11:51 INFO      aval: recall@1 0.497 · recall@10 0.874 · MRR 0.629 · nDCG@10 0.684

Writing model shards:   0%|          | 0/1 [00:00<?, ?it/s]
Writing model shards: 100%|██████████| 1/1 [00:00<00:00,  5.21it/s]
Writing model shards: 100%|██████████| 1/1 [00:00<00:00,  5.20it/s]
07:12:25 INFO    passo 28050 | perda 0.8231 | 189.1 pares/s | VRAM 1,508 MB
07:12:59 INFO    passo 28100 | perda 0.8211 | 189.1 pares/s | VRAM 1,508 MB
07:13:32 INFO    passo 28150 | perda 0.8217 | 189.1 pares/s | VRAM 1,508 MB
07:14:05 INFO    passo 28200 | perda 0.7861 | 189.1 pares/s | VRAM 1,508 MB
07:14:07 INFO      aval: recall@1 0.502 · recall@10 0.874 · MRR 0.631 · nDCG@10 0.686

Writing model shards:   0%|          | 0/1 [00:00<?, ?it/s]
Writing model shards: 100%|██████████| 1/1 [00:00<00:00,  5.41it/s]
Writing model shards: 100%|██████████| 1/1 [00:00<00:00,  5.41it/s]
07:14:40 INFO    passo 28250 | perda 0.7968 | 189.1 pares/s | VRAM 1,508 MB
07:15:13 INFO    passo 28300 | perda 0.7934 | 189.1 pares/s | VRAM 1,508 MB
07:15:47 INFO    passo 28350 | perda 0.8055 | 189.1 pares/s | VRAM 1,508 MB
07:16:20 INFO    passo 28400 | perda 0.8071 | 189.1 pares/s | VRAM 1,508 MB
07:16:21 INFO      aval: recall@1 0.500 · recall@10 0.872 · MRR 0.629 · nDCG@10 0.683

Writing model shards:   0%|          | 0/1 [00:00<?, ?it/s]
Writing model shards: 100%|██████████| 1/1 [00:00<00:00,  5.32it/s]
Writing model shards: 100%|██████████| 1/1 [00:00<00:00,  5.32it/s]
07:16:55 INFO    passo 28450 | perda 0.7877 | 189.1 pares/s | VRAM 1,508 MB
07:17:28 INFO    passo 28500 | perda 0.8011 | 189.1 pares/s | VRAM 1,508 MB
07:18:02 INFO    passo 28550 | perda 0.7962 | 189.1 pares/s | VRAM 1,508 MB
07:18:35 INFO    passo 28600 | perda 0.7733 | 189.1 pares/s | VRAM 1,508 MB
07:18:36 INFO      aval: recall@1 0.484 · recall@10 0.870 · MRR 0.622 · nDCG@10 0.678

Writing model shards:   0%|          | 0/1 [00:00<?, ?it/s]
Writing model shards: 100%|██████████| 1/1 [00:00<00:00,  4.99it/s]
Writing model shards: 100%|██████████| 1/1 [00:00<00:00,  4.99it/s]
07:19:10 INFO    passo 28650 | perda 0.7989 | 189.1 pares/s | VRAM 1,508 MB
07:19:43 INFO    passo 28700 | perda 0.7801 | 189.1 pares/s | VRAM 1,508 MB
07:20:17 INFO    passo 28750 | perda 0.8218 | 189.1 pares/s | VRAM 1,508 MB
07:20:50 INFO    passo 28800 | perda 0.7985 | 189.1 pares/s | VRAM 1,508 MB
07:20:51 INFO      aval: recall@1 0.489 · recall@10 0.872 · MRR 0.623 · nDCG@10 0.679

Writing model shards:   0%|          | 0/1 [00:00<?, ?it/s]
Writing model shards: 100%|██████████| 1/1 [00:00<00:00,  5.35it/s]
Writing model shards: 100%|██████████| 1/1 [00:00<00:00,  5.34it/s]
07:21:26 INFO    passo 28850 | perda 0.7871 | 189.1 pares/s | VRAM 1,508 MB
07:21:59 INFO    passo 28900 | perda 0.7923 | 189.1 pares/s | VRAM 1,508 MB
07:22:33 INFO    passo 28950 | perda 0.7948 | 189.1 pares/s | VRAM 1,508 MB
07:23:06 INFO    passo 29000 | perda 0.7794 | 189.1 pares/s | VRAM 1,508 MB
07:23:07 INFO      aval: recall@1 0.495 · recall@10 0.876 · MRR 0.628 · nDCG@10 0.684

Writing model shards:   0%|          | 0/1 [00:00<?, ?it/s]
Writing model shards: 100%|██████████| 1/1 [00:00<00:00,  5.37it/s]
Writing model shards: 100%|██████████| 1/1 [00:00<00:00,  5.36it/s]
07:23:41 INFO    passo 29050 | perda 0.7956 | 189.1 pares/s | VRAM 1,508 MB
07:24:14 INFO    passo 29100 | perda 0.7862 | 189.1 pares/s | VRAM 1,508 MB
07:24:48 INFO    passo 29150 | perda 0.7771 | 189.1 pares/s | VRAM 1,508 MB
07:25:21 INFO    passo 29200 | perda 0.7922 | 189.1 pares/s | VRAM 1,508 MB
07:25:23 INFO      aval: recall@1 0.498 · recall@10 0.872 · MRR 0.629 · nDCG@10 0.684

Writing model shards:   0%|          | 0/1 [00:00<?, ?it/s]
Writing model shards: 100%|██████████| 1/1 [00:00<00:00,  5.18it/s]
Writing model shards: 100%|██████████| 1/1 [00:00<00:00,  5.18it/s]
07:25:57 INFO    passo 29250 | perda 0.7872 | 189.1 pares/s | VRAM 1,508 MB
07:26:30 INFO    passo 29300 | perda 0.7589 | 189.1 pares/s | VRAM 1,508 MB
07:27:03 INFO    passo 29350 | perda 0.7927 | 189.1 pares/s | VRAM 1,508 MB
07:27:36 INFO    passo 29400 | perda 0.8111 | 189.1 pares/s | VRAM 1,508 MB
07:27:38 INFO      aval: recall@1 0.497 · recall@10 0.876 · MRR 0.630 · nDCG@10 0.686

Writing model shards:   0%|          | 0/1 [00:00<?, ?it/s]
Writing model shards: 100%|██████████| 1/1 [00:00<00:00,  5.00it/s]
Writing model shards: 100%|██████████| 1/1 [00:00<00:00,  5.00it/s]
07:28:12 INFO    passo 29450 | perda 0.7971 | 189.1 pares/s | VRAM 1,508 MB
07:28:45 INFO    passo 29500 | perda 0.7889 | 189.1 pares/s | VRAM 1,508 MB
07:29:19 INFO    passo 29550 | perda 0.8097 | 189.1 pares/s | VRAM 1,508 MB
07:29:52 INFO    passo 29600 | perda 0.7782 | 189.1 pares/s | VRAM 1,508 MB
07:29:53 INFO      aval: recall@1 0.495 · recall@10 0.879 · MRR 0.630 · nDCG@10 0.686

Writing model shards:   0%|          | 0/1 [00:00<?, ?it/s]
Writing model shards: 100%|██████████| 1/1 [00:00<00:00,  5.12it/s]
Writing model shards: 100%|██████████| 1/1 [00:00<00:00,  5.11it/s]
07:30:28 INFO    passo 29650 | perda 0.8090 | 189.1 pares/s | VRAM 1,508 MB
07:31:01 INFO    passo 29700 | perda 0.7836 | 189.1 pares/s | VRAM 1,508 MB
07:31:34 INFO    passo 29750 | perda 0.8014 | 189.1 pares/s | VRAM 1,508 MB
07:32:07 INFO    passo 29800 | perda 0.7809 | 189.1 pares/s | VRAM 1,508 MB
07:32:09 INFO      aval: recall@1 0.492 · recall@10 0.872 · MRR 0.628 · nDCG@10 0.683

Writing model shards:   0%|          | 0/1 [00:00<?, ?it/s]
Writing model shards: 100%|██████████| 1/1 [00:00<00:00,  5.42it/s]
Writing model shards: 100%|██████████| 1/1 [00:00<00:00,  5.41it/s]
07:32:43 INFO    passo 29850 | perda 0.7809 | 189.1 pares/s | VRAM 1,508 MB
07:33:16 INFO    passo 29900 | perda 0.7805 | 189.1 pares/s | VRAM 1,508 MB
07:33:50 INFO    passo 29950 | perda 0.7962 | 189.1 pares/s | VRAM 1,508 MB
07:34:23 INFO    passo 30000 | perda 0.7805 | 189.1 pares/s | VRAM 1,508 MB
07:34:24 INFO      aval: recall@1 0.502 · recall@10 0.867 · MRR 0.631 · nDCG@10 0.684

Writing model shards:   0%|          | 0/1 [00:00<?, ?it/s]
Writing model shards: 100%|██████████| 1/1 [00:00<00:00,  5.29it/s]
Writing model shards: 100%|██████████| 1/1 [00:00<00:00,  5.28it/s]
07:34:58 INFO    passo 30050 | perda 0.7933 | 189.1 pares/s | VRAM 1,508 MB
07:35:31 INFO    passo 30100 | perda 0.7766 | 189.1 pares/s | VRAM 1,508 MB
07:36:05 INFO    passo 30150 | perda 0.7862 | 189.1 pares/s | VRAM 1,508 MB
07:36:38 INFO    passo 30200 | perda 0.8132 | 189.1 pares/s | VRAM 1,508 MB
07:36:39 INFO      aval: recall@1 0.492 · recall@10 0.875 · MRR 0.627 · nDCG@10 0.683

Writing model shards:   0%|          | 0/1 [00:00<?, ?it/s]
Writing model shards: 100%|██████████| 1/1 [00:00<00:00,  5.22it/s]
Writing model shards: 100%|██████████| 1/1 [00:00<00:00,  5.22it/s]
07:37:13 INFO    passo 30250 | perda 0.7876 | 189.1 pares/s | VRAM 1,508 MB
07:37:47 INFO    passo 30300 | perda 0.8005 | 189.1 pares/s | VRAM 1,508 MB
07:38:20 INFO    passo 30350 | perda 0.7780 | 189.1 pares/s | VRAM 1,508 MB
07:38:53 INFO    passo 30400 | perda 0.7681 | 189.1 pares/s | VRAM 1,508 MB
07:38:55 INFO      aval: recall@1 0.493 · recall@10 0.870 · MRR 0.626 · nDCG@10 0.680

Writing model shards:   0%|          | 0/1 [00:00<?, ?it/s]
Writing model shards: 100%|██████████| 1/1 [00:00<00:00,  5.18it/s]
Writing model shards: 100%|██████████| 1/1 [00:00<00:00,  5.17it/s]
07:39:29 INFO    passo 30450 | perda 0.7668 | 189.1 pares/s | VRAM 1,508 MB
07:40:02 INFO    passo 30500 | perda 0.7977 | 189.1 pares/s | VRAM 1,508 MB
07:40:36 INFO    passo 30550 | perda 0.7960 | 189.1 pares/s | VRAM 1,508 MB
07:41:09 INFO    passo 30600 | perda 0.8183 | 189.1 pares/s | VRAM 1,508 MB
07:41:10 INFO      aval: recall@1 0.487 · recall@10 0.871 · MRR 0.623 · nDCG@10 0.679

Writing model shards:   0%|          | 0/1 [00:00<?, ?it/s]
Writing model shards: 100%|██████████| 1/1 [00:00<00:00,  5.21it/s]
Writing model shards: 100%|██████████| 1/1 [00:00<00:00,  5.20it/s]
07:41:44 INFO    passo 30650 | perda 0.8059 | 189.1 pares/s | VRAM 1,508 MB
07:42:17 INFO    passo 30700 | perda 0.7965 | 189.1 pares/s | VRAM 1,508 MB
07:42:51 INFO    passo 30750 | perda 0.8016 | 189.1 pares/s | VRAM 1,508 MB
07:43:24 INFO    passo 30800 | perda 0.7759 | 189.1 pares/s | VRAM 1,508 MB
07:43:25 INFO      aval: recall@1 0.491 · recall@10 0.867 · MRR 0.624 · nDCG@10 0.679

Writing model shards:   0%|          | 0/1 [00:00<?, ?it/s]
Writing model shards: 100%|██████████| 1/1 [00:00<00:00,  5.27it/s]
Writing model shards: 100%|██████████| 1/1 [00:00<00:00,  5.26it/s]
07:43:59 INFO    passo 30850 | perda 0.7760 | 189.1 pares/s | VRAM 1,508 MB
07:44:32 INFO    passo 30900 | perda 0.7879 | 189.1 pares/s | VRAM 1,508 MB
07:45:06 INFO    passo 30950 | perda 0.8066 | 189.1 pares/s | VRAM 1,508 MB
07:45:39 INFO    passo 31000 | perda 0.8013 | 189.1 pares/s | VRAM 1,508 MB
07:45:40 INFO      aval: recall@1 0.492 · recall@10 0.873 · MRR 0.628 · nDCG@10 0.683

Writing model shards:   0%|          | 0/1 [00:00<?, ?it/s]
Writing model shards: 100%|██████████| 1/1 [00:00<00:00,  5.20it/s]
Writing model shards: 100%|██████████| 1/1 [00:00<00:00,  5.19it/s]
07:46:14 INFO    passo 31050 | perda 0.7646 | 189.1 pares/s | VRAM 1,508 MB
07:46:47 INFO    passo 31100 | perda 0.7795 | 189.1 pares/s | VRAM 1,508 MB
07:47:21 INFO    passo 31150 | perda 0.7906 | 189.1 pares/s | VRAM 1,508 MB
07:47:54 INFO    passo 31200 | perda 0.8060 | 189.1 pares/s | VRAM 1,508 MB
07:47:55 INFO      aval: recall@1 0.498 · recall@10 0.872 · MRR 0.630 · nDCG@10 0.685

Writing model shards:   0%|          | 0/1 [00:00<?, ?it/s]
Writing model shards: 100%|██████████| 1/1 [00:00<00:00,  5.12it/s]
Writing model shards: 100%|██████████| 1/1 [00:00<00:00,  5.11it/s]
07:48:29 INFO    passo 31250 | perda 0.7816 | 189.1 pares/s | VRAM 1,508 MB
07:49:02 INFO    passo 31300 | perda 0.7536 | 189.1 pares/s | VRAM 1,508 MB
07:49:36 INFO    passo 31350 | perda 0.7625 | 189.1 pares/s | VRAM 1,508 MB
07:50:09 INFO    passo 31400 | perda 0.7985 | 189.1 pares/s | VRAM 1,508 MB
07:50:10 INFO      aval: recall@1 0.486 · recall@10 0.874 · MRR 0.623 · nDCG@10 0.680

Writing model shards:   0%|          | 0/1 [00:00<?, ?it/s]
Writing model shards: 100%|██████████| 1/1 [00:00<00:00,  5.12it/s]
Writing model shards: 100%|██████████| 1/1 [00:00<00:00,  5.12it/s]
07:50:44 INFO    passo 31450 | perda 0.8035 | 189.1 pares/s | VRAM 1,508 MB
07:51:18 INFO    passo 31500 | perda 0.7643 | 189.1 pares/s | VRAM 1,508 MB
07:51:51 INFO    passo 31550 | perda 0.7910 | 189.1 pares/s | VRAM 1,508 MB
07:52:24 INFO    passo 31600 | perda 0.8018 | 189.1 pares/s | VRAM 1,508 MB
07:52:26 INFO      aval: recall@1 0.489 · recall@10 0.876 · MRR 0.627 · nDCG@10 0.683

Writing model shards:   0%|          | 0/1 [00:00<?, ?it/s]
Writing model shards: 100%|██████████| 1/1 [00:00<00:00,  5.14it/s]
Writing model shards: 100%|██████████| 1/1 [00:00<00:00,  5.14it/s]
07:52:59 INFO    passo 31650 | perda 0.7729 | 189.1 pares/s | VRAM 1,508 MB
07:53:33 INFO    passo 31700 | perda 0.7807 | 189.1 pares/s | VRAM 1,508 MB
07:54:06 INFO    passo 31750 | perda 0.7752 | 189.1 pares/s | VRAM 1,508 MB
07:54:39 INFO    passo 31800 | perda 0.7971 | 189.1 pares/s | VRAM 1,508 MB
07:54:41 INFO      aval: recall@1 0.498 · recall@10 0.876 · MRR 0.629 · nDCG@10 0.684

Writing model shards:   0%|          | 0/1 [00:00<?, ?it/s]
Writing model shards: 100%|██████████| 1/1 [00:00<00:00,  4.92it/s]
Writing model shards: 100%|██████████| 1/1 [00:00<00:00,  4.91it/s]
07:55:15 INFO    passo 31850 | perda 0.7768 | 189.1 pares/s | VRAM 1,508 MB
07:55:48 INFO    passo 31900 | perda 0.7876 | 189.1 pares/s | VRAM 1,508 MB
07:56:22 INFO    passo 31950 | perda 0.7707 | 189.1 pares/s | VRAM 1,508 MB
07:56:55 INFO    passo 32000 | perda 0.7729 | 189.1 pares/s | VRAM 1,508 MB
07:56:56 INFO      aval: recall@1 0.495 · recall@10 0.872 · MRR 0.626 · nDCG@10 0.681

Writing model shards:   0%|          | 0/1 [00:00<?, ?it/s]
Writing model shards: 100%|██████████| 1/1 [00:00<00:00,  5.33it/s]
Writing model shards: 100%|██████████| 1/1 [00:00<00:00,  5.32it/s]
07:57:30 INFO    passo 32050 | perda 0.7661 | 189.1 pares/s | VRAM 1,508 MB
07:58:03 INFO    passo 32100 | perda 0.7780 | 189.1 pares/s | VRAM 1,508 MB
07:58:37 INFO    passo 32150 | perda 0.7759 | 189.1 pares/s | VRAM 1,508 MB
07:59:10 INFO    passo 32200 | perda 0.7864 | 189.1 pares/s | VRAM 1,508 MB
07:59:11 INFO      aval: recall@1 0.495 · recall@10 0.870 · MRR 0.627 · nDCG@10 0.682

Writing model shards:   0%|          | 0/1 [00:00<?, ?it/s]
Writing model shards: 100%|██████████| 1/1 [00:00<00:00,  5.26it/s]
Writing model shards: 100%|██████████| 1/1 [00:00<00:00,  5.25it/s]
07:59:45 INFO    passo 32250 | perda 0.7819 | 189.1 pares/s | VRAM 1,508 MB
08:00:18 INFO    passo 32300 | perda 0.7641 | 189.1 pares/s | VRAM 1,508 MB
08:00:52 INFO    passo 32350 | perda 0.7493 | 189.1 pares/s | VRAM 1,508 MB
08:01:25 INFO    passo 32400 | perda 0.7791 | 189.1 pares/s | VRAM 1,508 MB
08:01:26 INFO      aval: recall@1 0.491 · recall@10 0.873 · MRR 0.626 · nDCG@10 0.682

Writing model shards:   0%|          | 0/1 [00:00<?, ?it/s]
Writing model shards: 100%|██████████| 1/1 [00:00<00:00,  5.02it/s]
Writing model shards: 100%|██████████| 1/1 [00:00<00:00,  5.02it/s]
08:02:00 INFO    passo 32450 | perda 0.8094 | 189.1 pares/s | VRAM 1,508 MB
08:02:33 INFO    passo 32500 | perda 0.7871 | 189.1 pares/s | VRAM 1,508 MB
08:03:07 INFO    passo 32550 | perda 0.7747 | 189.1 pares/s | VRAM 1,508 MB
08:03:40 INFO    passo 32600 | perda 0.7746 | 189.1 pares/s | VRAM 1,508 MB
08:03:41 INFO      aval: recall@1 0.490 · recall@10 0.878 · MRR 0.626 · nDCG@10 0.683

Writing model shards:   0%|          | 0/1 [00:00<?, ?it/s]
Writing model shards: 100%|██████████| 1/1 [00:00<00:00,  4.98it/s]
Writing model shards: 100%|██████████| 1/1 [00:00<00:00,  4.98it/s]
08:04:15 INFO    passo 32650 | perda 0.7770 | 189.1 pares/s | VRAM 1,508 MB
08:04:49 INFO    passo 32700 | perda 0.7773 | 189.1 pares/s | VRAM 1,508 MB
08:05:22 INFO    passo 32750 | perda 0.7788 | 189.1 pares/s | VRAM 1,508 MB
08:05:55 INFO    passo 32800 | perda 0.8022 | 189.1 pares/s | VRAM 1,508 MB
08:05:57 INFO      aval: recall@1 0.495 · recall@10 0.878 · MRR 0.631 · nDCG@10 0.686

Writing model shards:   0%|          | 0/1 [00:00<?, ?it/s]
Writing model shards: 100%|██████████| 1/1 [00:00<00:00,  5.00it/s]
Writing model shards: 100%|██████████| 1/1 [00:00<00:00,  4.99it/s]

Writing model shards:   0%|          | 0/1 [00:00<?, ?it/s]
Writing model shards: 100%|██████████| 1/1 [00:00<00:00,  5.58it/s]
Writing model shards: 100%|██████████| 1/1 [00:00<00:00,  5.57it/s]
08:05:57 INFO      ★ melhor até agora (nDCG@10 0.686) → phiemb-minilm-t4-melhor
08:06:31 INFO    passo 32850 | perda 0.7625 | 189.1 pares/s | VRAM 1,508 MB
08:07:04 INFO    passo 32900 | perda 0.7910 | 189.1 pares/s | VRAM 1,508 MB
08:07:38 INFO    passo 32950 | perda 0.7726 | 189.1 pares/s | VRAM 1,508 MB
08:08:11 INFO    passo 33000 | perda 0.8017 | 189.1 pares/s | VRAM 1,508 MB
08:08:12 INFO      aval: recall@1 0.498 · recall@10 0.880 · MRR 0.629 · nDCG@10 0.686

Writing model shards:   0%|          | 0/1 [00:00<?, ?it/s]
Writing model shards: 100%|██████████| 1/1 [00:00<00:00,  5.17it/s]
Writing model shards: 100%|██████████| 1/1 [00:00<00:00,  5.17it/s]
08:08:46 INFO    passo 33050 | perda 0.7840 | 189.1 pares/s | VRAM 1,508 MB
08:09:19 INFO    passo 33100 | perda 0.7650 | 189.1 pares/s | VRAM 1,508 MB
08:09:53 INFO    passo 33150 | perda 0.8224 | 189.1 pares/s | VRAM 1,508 MB
08:10:26 INFO    passo 33200 | perda 0.8046 | 189.1 pares/s | VRAM 1,508 MB
08:10:28 INFO      aval: recall@1 0.496 · recall@10 0.874 · MRR 0.628 · nDCG@10 0.683

Writing model shards:   0%|          | 0/1 [00:00<?, ?it/s]
Writing model shards: 100%|██████████| 1/1 [00:00<00:00,  5.18it/s]
Writing model shards: 100%|██████████| 1/1 [00:00<00:00,  5.18it/s]
08:11:02 INFO    passo 33250 | perda 0.7888 | 189.1 pares/s | VRAM 1,508 MB
08:11:35 INFO    passo 33300 | perda 0.8015 | 189.1 pares/s | VRAM 1,508 MB
08:12:09 INFO    passo 33350 | perda 0.7828 | 189.1 pares/s | VRAM 1,508 MB
08:12:42 INFO    passo 33400 | perda 0.7737 | 189.1 pares/s | VRAM 1,508 MB
08:12:43 INFO      aval: recall@1 0.499 · recall@10 0.880 · MRR 0.628 · nDCG@10 0.685

Writing model shards:   0%|          | 0/1 [00:00<?, ?it/s]
Writing model shards: 100%|██████████| 1/1 [00:00<00:00,  4.88it/s]
Writing model shards: 100%|██████████| 1/1 [00:00<00:00,  4.87it/s]
08:13:17 INFO    passo 33450 | perda 0.7735 | 189.1 pares/s | VRAM 1,508 MB
08:13:51 INFO    passo 33500 | perda 0.7863 | 189.1 pares/s | VRAM 1,508 MB
08:14:24 INFO    passo 33550 | perda 0.7543 | 189.1 pares/s | VRAM 1,508 MB
08:14:57 INFO    passo 33600 | perda 0.7844 | 189.1 pares/s | VRAM 1,508 MB
08:14:59 INFO      aval: recall@1 0.497 · recall@10 0.880 · MRR 0.629 · nDCG@10 0.686

Writing model shards:   0%|          | 0/1 [00:00<?, ?it/s]
Writing model shards: 100%|██████████| 1/1 [00:00<00:00,  5.09it/s]
Writing model shards: 100%|██████████| 1/1 [00:00<00:00,  5.09it/s]
08:15:33 INFO    passo 33650 | perda 0.7597 | 189.1 pares/s | VRAM 1,508 MB
08:16:06 INFO    passo 33700 | perda 0.7816 | 189.1 pares/s | VRAM 1,508 MB
08:16:39 INFO    passo 33750 | perda 0.7921 | 189.1 pares/s | VRAM 1,508 MB
08:17:12 INFO    passo 33800 | perda 0.7810 | 189.1 pares/s | VRAM 1,508 MB
08:17:14 INFO      aval: recall@1 0.501 · recall@10 0.884 · MRR 0.633 · nDCG@10 0.690

Writing model shards:   0%|          | 0/1 [00:00<?, ?it/s]
Writing model shards: 100%|██████████| 1/1 [00:00<00:00,  4.92it/s]
Writing model shards: 100%|██████████| 1/1 [00:00<00:00,  4.91it/s]

Writing model shards:   0%|          | 0/1 [00:00<?, ?it/s]
Writing model shards: 100%|██████████| 1/1 [00:00<00:00,  5.93it/s]
Writing model shards: 100%|██████████| 1/1 [00:00<00:00,  5.93it/s]
08:17:14 INFO      ★ melhor até agora (nDCG@10 0.690) → phiemb-minilm-t4-melhor
08:17:48 INFO    passo 33850 | perda 0.7827 | 189.1 pares/s | VRAM 1,508 MB
08:18:21 INFO    passo 33900 | perda 0.7691 | 189.1 pares/s | VRAM 1,508 MB
08:18:55 INFO    passo 33950 | perda 0.7671 | 189.1 pares/s | VRAM 1,508 MB
08:19:27 INFO    passo 34000 | perda 0.7857 | 189.1 pares/s | VRAM 1,508 MB
08:19:29 INFO      aval: recall@1 0.492 · recall@10 0.881 · MRR 0.629 · nDCG@10 0.686

Writing model shards:   0%|          | 0/1 [00:00<?, ?it/s]
Writing model shards: 100%|██████████| 1/1 [00:00<00:00,  5.23it/s]
Writing model shards: 100%|██████████| 1/1 [00:00<00:00,  5.22it/s]
08:20:03 INFO    passo 34050 | perda 0.7821 | 189.1 pares/s | VRAM 1,508 MB
08:20:36 INFO    passo 34100 | perda 0.7681 | 189.1 pares/s | VRAM 1,508 MB
08:21:09 INFO    passo 34150 | perda 0.8027 | 189.1 pares/s | VRAM 1,508 MB
08:21:42 INFO    passo 34200 | perda 0.7550 | 189.1 pares/s | VRAM 1,508 MB
08:21:44 INFO      aval: recall@1 0.505 · recall@10 0.881 · MRR 0.634 · nDCG@10 0.690

Writing model shards:   0%|          | 0/1 [00:00<?, ?it/s]
Writing model shards: 100%|██████████| 1/1 [00:00<00:00,  5.13it/s]
Writing model shards: 100%|██████████| 1/1 [00:00<00:00,  5.12it/s]

Writing model shards:   0%|          | 0/1 [00:00<?, ?it/s]
Writing model shards: 100%|██████████| 1/1 [00:00<00:00,  4.93it/s]
Writing model shards: 100%|██████████| 1/1 [00:00<00:00,  4.92it/s]
08:21:44 INFO      ★ melhor até agora (nDCG@10 0.690) → phiemb-minilm-t4-melhor
08:22:18 INFO    passo 34250 | perda 0.7741 | 189.1 pares/s | VRAM 1,508 MB
08:22:51 INFO    passo 34300 | perda 0.7761 | 189.1 pares/s | VRAM 1,508 MB
08:23:24 INFO    passo 34350 | perda 0.7621 | 189.1 pares/s | VRAM 1,508 MB
08:23:57 INFO    passo 34400 | perda 0.8152 | 189.1 pares/s | VRAM 1,508 MB
08:23:59 INFO      aval: recall@1 0.493 · recall@10 0.877 · MRR 0.629 · nDCG@10 0.685

Writing model shards:   0%|          | 0/1 [00:00<?, ?it/s]
Writing model shards: 100%|██████████| 1/1 [00:00<00:00,  5.09it/s]
Writing model shards: 100%|██████████| 1/1 [00:00<00:00,  5.09it/s]
08:24:33 INFO    passo 34450 | perda 0.7740 | 189.1 pares/s | VRAM 1,508 MB
08:25:06 INFO    passo 34500 | perda 0.7513 | 189.1 pares/s | VRAM 1,508 MB
08:25:39 INFO    passo 34550 | perda 0.7823 | 189.1 pares/s | VRAM 1,508 MB
08:26:12 INFO    passo 34600 | perda 0.7766 | 189.1 pares/s | VRAM 1,508 MB
08:26:14 INFO      aval: recall@1 0.494 · recall@10 0.881 · MRR 0.629 · nDCG@10 0.686

Writing model shards:   0%|          | 0/1 [00:00<?, ?it/s]
Writing model shards: 100%|██████████| 1/1 [00:00<00:00,  5.22it/s]
Writing model shards: 100%|██████████| 1/1 [00:00<00:00,  5.21it/s]
08:26:48 INFO    passo 34650 | perda 0.7649 | 189.1 pares/s | VRAM 1,508 MB
08:27:21 INFO    passo 34700 | perda 0.8007 | 189.1 pares/s | VRAM 1,508 MB
08:27:55 INFO    passo 34750 | perda 0.7817 | 189.1 pares/s | VRAM 1,508 MB
08:28:28 INFO    passo 34800 | perda 0.7757 | 189.1 pares/s | VRAM 1,508 MB
08:28:29 INFO      aval: recall@1 0.499 · recall@10 0.880 · MRR 0.634 · nDCG@10 0.690

Writing model shards:   0%|          | 0/1 [00:00<?, ?it/s]
Writing model shards: 100%|██████████| 1/1 [00:00<00:00,  5.24it/s]
Writing model shards: 100%|██████████| 1/1 [00:00<00:00,  5.23it/s]
08:29:03 INFO    passo 34850 | perda 0.7444 | 189.1 pares/s | VRAM 1,508 MB
08:29:36 INFO    passo 34900 | perda 0.7892 | 189.1 pares/s | VRAM 1,508 MB
08:30:10 INFO    passo 34950 | perda 0.7575 | 189.1 pares/s | VRAM 1,508 MB
08:30:43 INFO    passo 35000 | perda 0.7690 | 189.1 pares/s | VRAM 1,508 MB
08:30:44 INFO      aval: recall@1 0.501 · recall@10 0.877 · MRR 0.636 · nDCG@10 0.690

Writing model shards:   0%|          | 0/1 [00:00<?, ?it/s]
Writing model shards: 100%|██████████| 1/1 [00:00<00:00,  5.12it/s]
Writing model shards: 100%|██████████| 1/1 [00:00<00:00,  5.12it/s]

Writing model shards:   0%|          | 0/1 [00:00<?, ?it/s]
Writing model shards: 100%|██████████| 1/1 [00:00<00:00,  5.34it/s]
Writing model shards: 100%|██████████| 1/1 [00:00<00:00,  5.34it/s]
08:30:45 INFO      ★ melhor até agora (nDCG@10 0.690) → phiemb-minilm-t4-melhor
08:31:19 INFO    passo 35050 | perda 0.8024 | 189.1 pares/s | VRAM 1,508 MB
08:31:52 INFO    passo 35100 | perda 0.7700 | 189.1 pares/s | VRAM 1,508 MB
08:32:25 INFO    passo 35150 | perda 0.7940 | 189.1 pares/s | VRAM 1,508 MB
08:32:58 INFO    passo 35200 | perda 0.7808 | 189.1 pares/s | VRAM 1,508 MB
08:33:00 INFO      aval: recall@1 0.495 · recall@10 0.884 · MRR 0.632 · nDCG@10 0.690

Writing model shards:   0%|          | 0/1 [00:00<?, ?it/s]
Writing model shards: 100%|██████████| 1/1 [00:00<00:00,  5.01it/s]
Writing model shards: 100%|██████████| 1/1 [00:00<00:00,  5.00it/s]
08:33:34 INFO    passo 35250 | perda 0.7883 | 189.1 pares/s | VRAM 1,508 MB
08:34:06 INFO    passo 35300 | perda 0.7740 | 189.1 pares/s | VRAM 1,508 MB
08:34:40 INFO    passo 35350 | perda 0.7939 | 189.1 pares/s | VRAM 1,508 MB
08:35:13 INFO    passo 35400 | perda 0.7441 | 189.1 pares/s | VRAM 1,508 MB
08:35:14 INFO      aval: recall@1 0.505 · recall@10 0.878 · MRR 0.635 · nDCG@10 0.690

Writing model shards:   0%|          | 0/1 [00:00<?, ?it/s]
Writing model shards: 100%|██████████| 1/1 [00:00<00:00,  5.19it/s]
Writing model shards: 100%|██████████| 1/1 [00:00<00:00,  5.18it/s]

Writing model shards:   0%|          | 0/1 [00:00<?, ?it/s]
Writing model shards: 100%|██████████| 1/1 [00:00<00:00,  5.31it/s]
Writing model shards: 100%|██████████| 1/1 [00:00<00:00,  5.30it/s]
08:35:15 INFO      ★ melhor até agora (nDCG@10 0.690) → phiemb-minilm-t4-melhor
08:35:49 INFO    passo 35450 | perda 0.7769 | 189.1 pares/s | VRAM 1,508 MB
08:36:22 INFO    passo 35500 | perda 0.7700 | 189.1 pares/s | VRAM 1,508 MB
08:36:56 INFO    passo 35550 | perda 0.7548 | 189.1 pares/s | VRAM 1,508 MB
08:37:28 INFO    passo 35600 | perda 0.7953 | 189.1 pares/s | VRAM 1,508 MB
08:37:30 INFO      aval: recall@1 0.506 · recall@10 0.878 · MRR 0.636 · nDCG@10 0.690

Writing model shards:   0%|          | 0/1 [00:00<?, ?it/s]
Writing model shards: 100%|██████████| 1/1 [00:00<00:00,  4.97it/s]
Writing model shards: 100%|██████████| 1/1 [00:00<00:00,  4.97it/s]

Writing model shards:   0%|          | 0/1 [00:00<?, ?it/s]
Writing model shards: 100%|██████████| 1/1 [00:00<00:00,  5.24it/s]
Writing model shards: 100%|██████████| 1/1 [00:00<00:00,  5.24it/s]
08:37:30 INFO      ★ melhor até agora (nDCG@10 0.690) → phiemb-minilm-t4-melhor
08:38:04 INFO    passo 35650 | perda 0.7599 | 189.1 pares/s | VRAM 1,508 MB
08:38:37 INFO    passo 35700 | perda 0.7674 | 189.1 pares/s | VRAM 1,508 MB
08:39:11 INFO    passo 35750 | perda 0.7825 | 189.1 pares/s | VRAM 1,508 MB
08:39:44 INFO    passo 35800 | perda 0.7829 | 189.1 pares/s | VRAM 1,508 MB
08:39:45 INFO      aval: recall@1 0.512 · recall@10 0.881 · MRR 0.640 · nDCG@10 0.694

Writing model shards:   0%|          | 0/1 [00:00<?, ?it/s]
Writing model shards: 100%|██████████| 1/1 [00:00<00:00,  4.96it/s]
Writing model shards: 100%|██████████| 1/1 [00:00<00:00,  4.95it/s]

Writing model shards:   0%|          | 0/1 [00:00<?, ?it/s]
Writing model shards: 100%|██████████| 1/1 [00:00<00:00,  5.56it/s]
Writing model shards: 100%|██████████| 1/1 [00:00<00:00,  5.56it/s]
08:39:46 INFO      ★ melhor até agora (nDCG@10 0.694) → phiemb-minilm-t4-melhor
08:40:19 INFO    passo 35850 | perda 0.7788 | 189.1 pares/s | VRAM 1,508 MB
08:40:52 INFO    passo 35900 | perda 0.7765 | 189.1 pares/s | VRAM 1,508 MB
08:41:26 INFO    passo 35950 | perda 0.7740 | 189.1 pares/s | VRAM 1,508 MB
08:41:59 INFO    passo 36000 | perda 0.8099 | 189.1 pares/s | VRAM 1,508 MB
08:42:01 INFO      aval: recall@1 0.501 · recall@10 0.883 · MRR 0.632 · nDCG@10 0.689

Writing model shards:   0%|          | 0/1 [00:00<?, ?it/s]
Writing model shards: 100%|██████████| 1/1 [00:00<00:00,  5.16it/s]
Writing model shards: 100%|██████████| 1/1 [00:00<00:00,  5.15it/s]
08:42:34 INFO    passo 36050 | perda 0.7597 | 189.1 pares/s | VRAM 1,508 MB
08:43:07 INFO    passo 36100 | perda 0.7743 | 189.1 pares/s | VRAM 1,508 MB
08:43:41 INFO    passo 36150 | perda 0.7722 | 189.1 pares/s | VRAM 1,508 MB
08:44:15 INFO    passo 36200 | perda 0.7544 | 189.1 pares/s | VRAM 1,508 MB
08:44:16 INFO      aval: recall@1 0.499 · recall@10 0.879 · MRR 0.634 · nDCG@10 0.689

Writing model shards:   0%|          | 0/1 [00:00<?, ?it/s]
Writing model shards: 100%|██████████| 1/1 [00:00<00:00,  4.99it/s]
Writing model shards: 100%|██████████| 1/1 [00:00<00:00,  4.98it/s]
08:44:50 INFO    passo 36250 | perda 0.7821 | 189.1 pares/s | VRAM 1,508 MB
08:45:22 INFO    passo 36300 | perda 0.7620 | 189.1 pares/s | VRAM 1,508 MB
08:45:56 INFO    passo 36350 | perda 0.7716 | 189.1 pares/s | VRAM 1,508 MB
08:46:29 INFO    passo 36400 | perda 0.7698 | 189.1 pares/s | VRAM 1,508 MB
08:46:31 INFO      aval: recall@1 0.503 · recall@10 0.883 · MRR 0.635 · nDCG@10 0.691

Writing model shards:   0%|          | 0/1 [00:00<?, ?it/s]
Writing model shards: 100%|██████████| 1/1 [00:00<00:00,  5.15it/s]
Writing model shards: 100%|██████████| 1/1 [00:00<00:00,  5.15it/s]
08:47:04 INFO    passo 36450 | perda 0.7903 | 189.1 pares/s | VRAM 1,508 MB
08:47:38 INFO    passo 36500 | perda 0.7643 | 189.1 pares/s | VRAM 1,508 MB
08:48:11 INFO    passo 36550 | perda 0.7674 | 189.1 pares/s | VRAM 1,508 MB
08:48:44 INFO    passo 36600 | perda 0.7487 | 189.1 pares/s | VRAM 1,508 MB
08:48:46 INFO      aval: recall@1 0.504 · recall@10 0.877 · MRR 0.635 · nDCG@10 0.690

Writing model shards:   0%|          | 0/1 [00:00<?, ?it/s]
Writing model shards: 100%|██████████| 1/1 [00:00<00:00,  5.14it/s]
Writing model shards: 100%|██████████| 1/1 [00:00<00:00,  5.13it/s]
08:49:19 INFO    passo 36650 | perda 0.7606 | 189.1 pares/s | VRAM 1,508 MB
08:49:52 INFO    passo 36700 | perda 0.7671 | 189.1 pares/s | VRAM 1,508 MB
08:50:26 INFO    passo 36750 | perda 0.7725 | 189.1 pares/s | VRAM 1,508 MB
08:50:59 INFO    passo 36800 | perda 0.7803 | 189.2 pares/s | VRAM 1,508 MB
08:51:01 INFO      aval: recall@1 0.509 · recall@10 0.879 · MRR 0.635 · nDCG@10 0.690

Writing model shards:   0%|          | 0/1 [00:00<?, ?it/s]
Writing model shards: 100%|██████████| 1/1 [00:00<00:00,  4.77it/s]
Writing model shards: 100%|██████████| 1/1 [00:00<00:00,  4.77it/s]
08:51:35 INFO    passo 36850 | perda 0.7680 | 189.1 pares/s | VRAM 1,508 MB
08:52:08 INFO    passo 36900 | perda 0.7527 | 189.1 pares/s | VRAM 1,508 MB
08:52:42 INFO    passo 36950 | perda 0.7732 | 189.1 pares/s | VRAM 1,508 MB
08:53:15 INFO    passo 37000 | perda 0.7507 | 189.2 pares/s | VRAM 1,508 MB
08:53:16 INFO      aval: recall@1 0.499 · recall@10 0.881 · MRR 0.633 · nDCG@10 0.689

Writing model shards:   0%|          | 0/1 [00:00<?, ?it/s]
Writing model shards: 100%|██████████| 1/1 [00:00<00:00,  5.07it/s]
Writing model shards: 100%|██████████| 1/1 [00:00<00:00,  5.07it/s]
08:53:50 INFO    passo 37050 | perda 0.7654 | 189.1 pares/s | VRAM 1,508 MB
08:54:23 INFO    passo 37100 | perda 0.7724 | 189.1 pares/s | VRAM 1,508 MB
08:54:57 INFO    passo 37150 | perda 0.7750 | 189.1 pares/s | VRAM 1,508 MB
08:55:30 INFO    passo 37200 | perda 0.7581 | 189.2 pares/s | VRAM 1,508 MB
08:55:31 INFO      aval: recall@1 0.506 · recall@10 0.881 · MRR 0.636 · nDCG@10 0.691

Writing model shards:   0%|          | 0/1 [00:00<?, ?it/s]
Writing model shards: 100%|██████████| 1/1 [00:00<00:00,  5.14it/s]
Writing model shards: 100%|██████████| 1/1 [00:00<00:00,  5.14it/s]
08:56:05 INFO    passo 37250 | perda 0.7595 | 189.1 pares/s | VRAM 1,508 MB
08:56:39 INFO    passo 37300 | perda 0.7445 | 189.1 pares/s | VRAM 1,508 MB
08:57:12 INFO    passo 37350 | perda 0.7609 | 189.1 pares/s | VRAM 1,508 MB
08:57:45 INFO    passo 37400 | perda 0.7664 | 189.1 pares/s | VRAM 1,508 MB
08:57:47 INFO      aval: recall@1 0.503 · recall@10 0.879 · MRR 0.635 · nDCG@10 0.690

Writing model shards:   0%|          | 0/1 [00:00<?, ?it/s]
Writing model shards: 100%|██████████| 1/1 [00:00<00:00,  5.05it/s]
Writing model shards: 100%|██████████| 1/1 [00:00<00:00,  5.04it/s]
08:58:21 INFO    passo 37450 | perda 0.7554 | 189.1 pares/s | VRAM 1,508 MB
08:58:54 INFO    passo 37500 | perda 0.7546 | 189.1 pares/s | VRAM 1,508 MB
08:59:27 INFO    passo 37550 | perda 0.7801 | 189.1 pares/s | VRAM 1,508 MB
09:00:01 INFO    passo 37600 | perda 0.7595 | 189.2 pares/s | VRAM 1,508 MB
09:00:02 INFO      aval: recall@1 0.511 · recall@10 0.881 · MRR 0.638 · nDCG@10 0.693

Writing model shards:   0%|          | 0/1 [00:00<?, ?it/s]
Writing model shards: 100%|██████████| 1/1 [00:00<00:00,  4.91it/s]
Writing model shards: 100%|██████████| 1/1 [00:00<00:00,  4.91it/s]
09:00:36 INFO    passo 37650 | perda 0.7844 | 189.1 pares/s | VRAM 1,508 MB
09:01:09 INFO    passo 37700 | perda 0.7451 | 189.1 pares/s | VRAM 1,508 MB
09:01:43 INFO    passo 37750 | perda 0.7965 | 189.1 pares/s | VRAM 1,508 MB
09:02:16 INFO    passo 37800 | perda 0.7949 | 189.2 pares/s | VRAM 1,508 MB
09:02:17 INFO      aval: recall@1 0.501 · recall@10 0.876 · MRR 0.634 · nDCG@10 0.689

Writing model shards:   0%|          | 0/1 [00:00<?, ?it/s]
Writing model shards: 100%|██████████| 1/1 [00:00<00:00,  5.07it/s]
Writing model shards: 100%|██████████| 1/1 [00:00<00:00,  5.07it/s]
09:02:51 INFO    passo 37850 | perda 0.7534 | 189.1 pares/s | VRAM 1,508 MB
09:03:25 INFO    passo 37900 | perda 0.7699 | 189.1 pares/s | VRAM 1,508 MB
09:03:58 INFO    passo 37950 | perda 0.7548 | 189.1 pares/s | VRAM 1,508 MB
09:04:31 INFO    passo 38000 | perda 0.7368 | 189.1 pares/s | VRAM 1,508 MB
09:04:33 INFO      aval: recall@1 0.493 · recall@10 0.885 · MRR 0.630 · nDCG@10 0.688

Writing model shards:   0%|          | 0/1 [00:00<?, ?it/s]
Writing model shards: 100%|██████████| 1/1 [00:00<00:00,  4.84it/s]
Writing model shards: 100%|██████████| 1/1 [00:00<00:00,  4.83it/s]
09:05:07 INFO    passo 38050 | perda 0.7654 | 189.1 pares/s | VRAM 1,508 MB
09:05:40 INFO    passo 38100 | perda 0.7755 | 189.1 pares/s | VRAM 1,508 MB
09:06:14 INFO    passo 38150 | perda 0.7472 | 189.1 pares/s | VRAM 1,508 MB
09:06:47 INFO    passo 38200 | perda 0.7809 | 189.2 pares/s | VRAM 1,508 MB
09:06:48 INFO      aval: recall@1 0.504 · recall@10 0.886 · MRR 0.636 · nDCG@10 0.692

Writing model shards:   0%|          | 0/1 [00:00<?, ?it/s]
Writing model shards: 100%|██████████| 1/1 [00:00<00:00,  4.78it/s]
Writing model shards: 100%|██████████| 1/1 [00:00<00:00,  4.78it/s]
09:07:22 INFO    passo 38250 | perda 0.7633 | 189.1 pares/s | VRAM 1,508 MB
09:07:55 INFO    passo 38300 | perda 0.7631 | 189.1 pares/s | VRAM 1,508 MB
09:08:29 INFO    passo 38350 | perda 0.7425 | 189.1 pares/s | VRAM 1,508 MB
09:09:02 INFO    passo 38400 | perda 0.7682 | 189.2 pares/s | VRAM 1,508 MB
09:09:03 INFO      aval: recall@1 0.498 · recall@10 0.884 · MRR 0.632 · nDCG@10 0.689

Writing model shards:   0%|          | 0/1 [00:00<?, ?it/s]
Writing model shards: 100%|██████████| 1/1 [00:00<00:00,  5.08it/s]
Writing model shards: 100%|██████████| 1/1 [00:00<00:00,  5.07it/s]
09:09:37 INFO    passo 38450 | perda 0.7557 | 189.1 pares/s | VRAM 1,508 MB
09:10:11 INFO    passo 38500 | perda 0.7798 | 189.1 pares/s | VRAM 1,508 MB
09:10:44 INFO    passo 38550 | perda 0.7605 | 189.1 pares/s | VRAM 1,508 MB
09:11:17 INFO    passo 38600 | perda 0.7905 | 189.2 pares/s | VRAM 1,508 MB
09:11:19 INFO      aval: recall@1 0.503 · recall@10 0.883 · MRR 0.637 · nDCG@10 0.693

Writing model shards:   0%|          | 0/1 [00:00<?, ?it/s]
Writing model shards: 100%|██████████| 1/1 [00:00<00:00,  5.33it/s]
Writing model shards: 100%|██████████| 1/1 [00:00<00:00,  5.33it/s]
09:11:53 INFO    passo 38650 | perda 0.7601 | 189.1 pares/s | VRAM 1,508 MB
09:12:26 INFO    passo 38700 | perda 0.7772 | 189.1 pares/s | VRAM 1,508 MB
09:13:00 INFO    passo 38750 | perda 0.7771 | 189.1 pares/s | VRAM 1,508 MB
09:13:33 INFO    passo 38800 | perda 0.7530 | 189.1 pares/s | VRAM 1,508 MB
09:13:34 INFO      aval: recall@1 0.490 · recall@10 0.885 · MRR 0.629 · nDCG@10 0.687

Writing model shards:   0%|          | 0/1 [00:00<?, ?it/s]
Writing model shards: 100%|██████████| 1/1 [00:00<00:00,  5.22it/s]
Writing model shards: 100%|██████████| 1/1 [00:00<00:00,  5.22it/s]
09:14:08 INFO    passo 38850 | perda 0.7630 | 189.1 pares/s | VRAM 1,508 MB
09:14:41 INFO    passo 38900 | perda 0.7492 | 189.1 pares/s | VRAM 1,508 MB
09:15:15 INFO    passo 38950 | perda 0.7640 | 189.1 pares/s | VRAM 1,508 MB
09:15:48 INFO    passo 39000 | perda 0.7537 | 189.2 pares/s | VRAM 1,508 MB
09:15:49 INFO      aval: recall@1 0.495 · recall@10 0.879 · MRR 0.634 · nDCG@10 0.690

Writing model shards:   0%|          | 0/1 [00:00<?, ?it/s]
Writing model shards: 100%|██████████| 1/1 [00:00<00:00,  5.15it/s]
Writing model shards: 100%|██████████| 1/1 [00:00<00:00,  5.14it/s]
09:16:23 INFO    passo 39050 | perda 0.7519 | 189.1 pares/s | VRAM 1,508 MB
09:16:56 INFO    passo 39100 | perda 0.7632 | 189.1 pares/s | VRAM 1,508 MB
09:17:30 INFO    passo 39150 | perda 0.7333 | 189.1 pares/s | VRAM 1,508 MB
09:18:03 INFO    passo 39200 | perda 0.7388 | 189.2 pares/s | VRAM 1,508 MB
09:18:04 INFO      aval: recall@1 0.500 · recall@10 0.883 · MRR 0.634 · nDCG@10 0.690

Writing model shards:   0%|          | 0/1 [00:00<?, ?it/s]
Writing model shards: 100%|██████████| 1/1 [00:00<00:00,  5.27it/s]
Writing model shards: 100%|██████████| 1/1 [00:00<00:00,  5.27it/s]
09:18:38 INFO    passo 39250 | perda 0.7325 | 189.1 pares/s | VRAM 1,508 MB
09:19:11 INFO    passo 39300 | perda 0.7643 | 189.1 pares/s | VRAM 1,508 MB
09:19:45 INFO    passo 39350 | perda 0.7691 | 189.2 pares/s | VRAM 1,508 MB
09:20:18 INFO    passo 39400 | perda 0.7554 | 189.2 pares/s | VRAM 1,508 MB
09:20:19 INFO      aval: recall@1 0.495 · recall@10 0.877 · MRR 0.633 · nDCG@10 0.688

Writing model shards:   0%|          | 0/1 [00:00<?, ?it/s]
Writing model shards: 100%|██████████| 1/1 [00:00<00:00,  5.22it/s]
Writing model shards: 100%|██████████| 1/1 [00:00<00:00,  5.22it/s]
09:20:53 INFO    passo 39450 | perda 0.7689 | 189.1 pares/s | VRAM 1,508 MB
09:21:26 INFO    passo 39500 | perda 0.7474 | 189.2 pares/s | VRAM 1,508 MB
09:22:00 INFO    passo 39550 | perda 0.7426 | 189.2 pares/s | VRAM 1,508 MB
09:22:33 INFO    passo 39600 | perda 0.7571 | 189.2 pares/s | VRAM 1,508 MB
09:22:35 INFO      aval: recall@1 0.494 · recall@10 0.885 · MRR 0.631 · nDCG@10 0.689

Writing model shards:   0%|          | 0/1 [00:00<?, ?it/s]
Writing model shards: 100%|██████████| 1/1 [00:00<00:00,  5.07it/s]
Writing model shards: 100%|██████████| 1/1 [00:00<00:00,  5.07it/s]
09:23:08 INFO    passo 39650 | perda 0.7565 | 189.1 pares/s | VRAM 1,508 MB
09:23:42 INFO    passo 39700 | perda 0.7633 | 189.2 pares/s | VRAM 1,508 MB
09:24:15 INFO    passo 39750 | perda 0.7623 | 189.2 pares/s | VRAM 1,508 MB
09:24:48 INFO    passo 39800 | perda 0.7757 | 189.2 pares/s | VRAM 1,508 MB
09:24:50 INFO      aval: recall@1 0.513 · recall@10 0.882 · MRR 0.641 · nDCG@10 0.695

Writing model shards:   0%|          | 0/1 [00:00<?, ?it/s]
Writing model shards: 100%|██████████| 1/1 [00:00<00:00,  5.33it/s]
Writing model shards: 100%|██████████| 1/1 [00:00<00:00,  5.32it/s]

Writing model shards:   0%|          | 0/1 [00:00<?, ?it/s]
Writing model shards: 100%|██████████| 1/1 [00:00<00:00,  5.47it/s]
Writing model shards: 100%|██████████| 1/1 [00:00<00:00,  5.46it/s]
09:24:50 INFO      ★ melhor até agora (nDCG@10 0.695) → phiemb-minilm-t4-melhor
09:25:24 INFO    passo 39850 | perda 0.7600 | 189.1 pares/s | VRAM 1,508 MB
09:25:57 INFO    passo 39900 | perda 0.7467 | 189.2 pares/s | VRAM 1,508 MB
09:26:31 INFO    passo 39950 | perda 0.7744 | 189.2 pares/s | VRAM 1,508 MB
09:27:04 INFO    passo 40000 | perda 0.7794 | 189.2 pares/s | VRAM 1,508 MB
09:27:05 INFO      aval: recall@1 0.508 · recall@10 0.889 · MRR 0.637 · nDCG@10 0.694

Writing model shards:   0%|          | 0/1 [00:00<?, ?it/s]
Writing model shards: 100%|██████████| 1/1 [00:00<00:00,  5.29it/s]
Writing model shards: 100%|██████████| 1/1 [00:00<00:00,  5.28it/s]
09:27:39 INFO    passo 40050 | perda 0.7824 | 189.1 pares/s | VRAM 1,508 MB
09:28:12 INFO    passo 40100 | perda 0.7693 | 189.2 pares/s | VRAM 1,508 MB
09:28:46 INFO    passo 40150 | perda 0.7449 | 189.2 pares/s | VRAM 1,508 MB
09:29:19 INFO    passo 40200 | perda 0.7416 | 189.2 pares/s | VRAM 1,508 MB
09:29:20 INFO      aval: recall@1 0.503 · recall@10 0.880 · MRR 0.635 · nDCG@10 0.691

Writing model shards:   0%|          | 0/1 [00:00<?, ?it/s]
Writing model shards: 100%|██████████| 1/1 [00:00<00:00,  5.14it/s]
Writing model shards: 100%|██████████| 1/1 [00:00<00:00,  5.13it/s]
09:29:54 INFO    passo 40250 | perda 0.7504 | 189.1 pares/s | VRAM 1,508 MB
09:30:27 INFO    passo 40300 | perda 0.7414 | 189.2 pares/s | VRAM 1,508 MB
09:31:01 INFO    passo 40350 | perda 0.7504 | 189.2 pares/s | VRAM 1,508 MB
09:31:34 INFO    passo 40400 | perda 0.7393 | 189.2 pares/s | VRAM 1,508 MB
09:31:35 INFO      aval: recall@1 0.501 · recall@10 0.885 · MRR 0.636 · nDCG@10 0.693

Writing model shards:   0%|          | 0/1 [00:00<?, ?it/s]
Writing model shards: 100%|██████████| 1/1 [00:00<00:00,  5.36it/s]
Writing model shards: 100%|██████████| 1/1 [00:00<00:00,  5.35it/s]
09:32:09 INFO    passo 40450 | perda 0.7434 | 189.2 pares/s | VRAM 1,508 MB
09:32:42 INFO    passo 40500 | perda 0.7804 | 189.2 pares/s | VRAM 1,508 MB
09:33:16 INFO    passo 40550 | perda 0.7719 | 189.2 pares/s | VRAM 1,508 MB
09:33:49 INFO    passo 40600 | perda 0.7701 | 189.2 pares/s | VRAM 1,508 MB
09:33:50 INFO      aval: recall@1 0.503 · recall@10 0.884 · MRR 0.636 · nDCG@10 0.692

Writing model shards:   0%|          | 0/1 [00:00<?, ?it/s]
Writing model shards: 100%|██████████| 1/1 [00:00<00:00,  5.11it/s]
Writing model shards: 100%|██████████| 1/1 [00:00<00:00,  5.10it/s]
09:34:24 INFO    passo 40650 | perda 0.7421 | 189.2 pares/s | VRAM 1,508 MB
09:34:57 INFO    passo 40700 | perda 0.7422 | 189.2 pares/s | VRAM 1,508 MB
09:35:31 INFO    passo 40750 | perda 0.7309 | 189.2 pares/s | VRAM 1,508 MB
09:36:04 INFO    passo 40800 | perda 0.7647 | 189.2 pares/s | VRAM 1,508 MB
09:36:05 INFO      aval: recall@1 0.500 · recall@10 0.885 · MRR 0.635 · nDCG@10 0.691

Writing model shards:   0%|          | 0/1 [00:00<?, ?it/s]
Writing model shards: 100%|██████████| 1/1 [00:00<00:00,  5.26it/s]
Writing model shards: 100%|██████████| 1/1 [00:00<00:00,  5.25it/s]
09:36:39 INFO    passo 40850 | perda 0.7765 | 189.2 pares/s | VRAM 1,508 MB
09:37:12 INFO    passo 40900 | perda 0.7485 | 189.2 pares/s | VRAM 1,508 MB
09:37:46 INFO    passo 40950 | perda 0.7326 | 189.2 pares/s | VRAM 1,508 MB
09:38:19 INFO    passo 41000 | perda 0.7427 | 189.2 pares/s | VRAM 1,508 MB
09:38:21 INFO      aval: recall@1 0.506 · recall@10 0.883 · MRR 0.639 · nDCG@10 0.694

Writing model shards:   0%|          | 0/1 [00:00<?, ?it/s]
Writing model shards: 100%|██████████| 1/1 [00:00<00:00,  4.99it/s]
Writing model shards: 100%|██████████| 1/1 [00:00<00:00,  4.98it/s]
09:38:55 INFO    passo 41050 | perda 0.7549 | 189.2 pares/s | VRAM 1,508 MB
09:39:28 INFO    passo 41100 | perda 0.7197 | 189.2 pares/s | VRAM 1,508 MB
09:40:01 INFO    passo 41150 | perda 0.7466 | 189.2 pares/s | VRAM 1,508 MB
09:40:35 INFO    passo 41200 | perda 0.7241 | 189.2 pares/s | VRAM 1,508 MB
09:40:36 INFO      aval: recall@1 0.497 · recall@10 0.886 · MRR 0.634 · nDCG@10 0.691

Writing model shards:   0%|          | 0/1 [00:00<?, ?it/s]
Writing model shards: 100%|██████████| 1/1 [00:00<00:00,  4.93it/s]
Writing model shards: 100%|██████████| 1/1 [00:00<00:00,  4.92it/s]
09:41:10 INFO    passo 41250 | perda 0.7418 | 189.2 pares/s | VRAM 1,508 MB
09:41:43 INFO    passo 41300 | perda 0.7653 | 189.2 pares/s | VRAM 1,508 MB
09:42:17 INFO    passo 41350 | perda 0.7623 | 189.2 pares/s | VRAM 1,508 MB
09:42:49 INFO    passo 41400 | perda 0.7373 | 189.2 pares/s | VRAM 1,508 MB
09:42:51 INFO      aval: recall@1 0.490 · recall@10 0.882 · MRR 0.631 · nDCG@10 0.688

Writing model shards:   0%|          | 0/1 [00:00<?, ?it/s]
Writing model shards: 100%|██████████| 1/1 [00:00<00:00,  5.20it/s]
Writing model shards: 100%|██████████| 1/1 [00:00<00:00,  5.20it/s]
09:43:25 INFO    passo 41450 | perda 0.7792 | 189.2 pares/s | VRAM 1,508 MB
09:43:58 INFO    passo 41500 | perda 0.7496 | 189.2 pares/s | VRAM 1,508 MB
09:44:32 INFO    passo 41550 | perda 0.7887 | 189.2 pares/s | VRAM 1,508 MB
09:45:05 INFO    passo 41600 | perda 0.7626 | 189.2 pares/s | VRAM 1,508 MB
09:45:06 INFO      aval: recall@1 0.501 · recall@10 0.881 · MRR 0.634 · nDCG@10 0.690

Writing model shards:   0%|          | 0/1 [00:00<?, ?it/s]
Writing model shards: 100%|██████████| 1/1 [00:00<00:00,  4.90it/s]
Writing model shards: 100%|██████████| 1/1 [00:00<00:00,  4.89it/s]
09:45:40 INFO    passo 41650 | perda 0.7453 | 189.2 pares/s | VRAM 1,508 MB
09:46:13 INFO    passo 41700 | perda 0.7434 | 189.2 pares/s | VRAM 1,508 MB
09:46:47 INFO    passo 41750 | perda 0.7457 | 189.2 pares/s | VRAM 1,508 MB
09:47:20 INFO    passo 41800 | perda 0.7414 | 189.2 pares/s | VRAM 1,508 MB
09:47:21 INFO      aval: recall@1 0.508 · recall@10 0.883 · MRR 0.639 · nDCG@10 0.694

Writing model shards:   0%|          | 0/1 [00:00<?, ?it/s]
Writing model shards: 100%|██████████| 1/1 [00:00<00:00,  5.16it/s]
Writing model shards: 100%|██████████| 1/1 [00:00<00:00,  5.15it/s]
09:47:55 INFO    passo 41850 | perda 0.7519 | 189.2 pares/s | VRAM 1,508 MB
09:48:28 INFO    passo 41900 | perda 0.7606 | 189.2 pares/s | VRAM 1,508 MB
09:49:02 INFO    passo 41950 | perda 0.7516 | 189.2 pares/s | VRAM 1,508 MB
09:49:35 INFO    passo 42000 | perda 0.7441 | 189.2 pares/s | VRAM 1,508 MB
09:49:36 INFO      aval: recall@1 0.505 · recall@10 0.882 · MRR 0.639 · nDCG@10 0.694

Writing model shards:   0%|          | 0/1 [00:00<?, ?it/s]
Writing model shards: 100%|██████████| 1/1 [00:00<00:00,  5.31it/s]
Writing model shards: 100%|██████████| 1/1 [00:00<00:00,  5.31it/s]
09:50:10 INFO    passo 42050 | perda 0.7499 | 189.2 pares/s | VRAM 1,508 MB
09:50:43 INFO    passo 42100 | perda 0.7363 | 189.2 pares/s | VRAM 1,508 MB
09:51:17 INFO    passo 42150 | perda 0.7848 | 189.2 pares/s | VRAM 1,508 MB
09:51:50 INFO    passo 42200 | perda 0.7629 | 189.2 pares/s | VRAM 1,508 MB
09:51:52 INFO      aval: recall@1 0.500 · recall@10 0.881 · MRR 0.635 · nDCG@10 0.690

Writing model shards:   0%|          | 0/1 [00:00<?, ?it/s]
Writing model shards: 100%|██████████| 1/1 [00:00<00:00,  5.24it/s]
Writing model shards: 100%|██████████| 1/1 [00:00<00:00,  5.24it/s]
09:52:26 INFO    passo 42250 | perda 0.7469 | 189.2 pares/s | VRAM 1,508 MB
09:52:59 INFO    passo 42300 | perda 0.7466 | 189.2 pares/s | VRAM 1,508 MB
09:53:32 INFO    passo 42350 | perda 0.7828 | 189.2 pares/s | VRAM 1,508 MB
09:54:06 INFO    passo 42400 | perda 0.7535 | 189.2 pares/s | VRAM 1,508 MB
09:54:07 INFO      aval: recall@1 0.499 · recall@10 0.883 · MRR 0.636 · nDCG@10 0.692

Writing model shards:   0%|          | 0/1 [00:00<?, ?it/s]
Writing model shards: 100%|██████████| 1/1 [00:00<00:00,  5.11it/s]
Writing model shards: 100%|██████████| 1/1 [00:00<00:00,  5.11it/s]
09:54:41 INFO    passo 42450 | perda 0.7673 | 189.2 pares/s | VRAM 1,508 MB
09:55:14 INFO    passo 42500 | perda 0.7353 | 189.2 pares/s | VRAM 1,508 MB
09:55:48 INFO    passo 42550 | perda 0.7755 | 189.2 pares/s | VRAM 1,508 MB
09:56:21 INFO    passo 42600 | perda 0.7641 | 189.2 pares/s | VRAM 1,508 MB
09:56:22 INFO      aval: recall@1 0.504 · recall@10 0.887 · MRR 0.636 · nDCG@10 0.693

Writing model shards:   0%|          | 0/1 [00:00<?, ?it/s]
Writing model shards: 100%|██████████| 1/1 [00:00<00:00,  4.97it/s]
Writing model shards: 100%|██████████| 1/1 [00:00<00:00,  4.96it/s]
09:56:56 INFO    passo 42650 | perda 0.7423 | 189.2 pares/s | VRAM 1,508 MB
09:57:29 INFO    passo 42700 | perda 0.7216 | 189.2 pares/s | VRAM 1,508 MB
09:58:03 INFO    passo 42750 | perda 0.7379 | 189.2 pares/s | VRAM 1,508 MB
09:58:36 INFO    passo 42800 | perda 0.7370 | 189.2 pares/s | VRAM 1,508 MB
09:58:38 INFO      aval: recall@1 0.509 · recall@10 0.885 · MRR 0.640 · nDCG@10 0.695

Writing model shards:   0%|          | 0/1 [00:00<?, ?it/s]
Writing model shards: 100%|██████████| 1/1 [00:00<00:00,  5.31it/s]
Writing model shards: 100%|██████████| 1/1 [00:00<00:00,  5.30it/s]

Writing model shards:   0%|          | 0/1 [00:00<?, ?it/s]
Writing model shards: 100%|██████████| 1/1 [00:00<00:00,  5.58it/s]
Writing model shards: 100%|██████████| 1/1 [00:00<00:00,  5.57it/s]
09:58:38 INFO      ★ melhor até agora (nDCG@10 0.695) → phiemb-minilm-t4-melhor
09:59:12 INFO    passo 42850 | perda 0.7349 | 189.2 pares/s | VRAM 1,508 MB
09:59:45 INFO    passo 42900 | perda 0.7383 | 189.2 pares/s | VRAM 1,508 MB
10:00:19 INFO    passo 42950 | perda 0.7656 | 189.2 pares/s | VRAM 1,508 MB
10:00:52 INFO    passo 43000 | perda 0.7531 | 189.2 pares/s | VRAM 1,508 MB
10:00:53 INFO      aval: recall@1 0.504 · recall@10 0.882 · MRR 0.637 · nDCG@10 0.692

Writing model shards:   0%|          | 0/1 [00:00<?, ?it/s]
Writing model shards: 100%|██████████| 1/1 [00:00<00:00,  5.04it/s]
Writing model shards: 100%|██████████| 1/1 [00:00<00:00,  5.03it/s]
10:01:27 INFO    passo 43050 | perda 0.7551 | 189.2 pares/s | VRAM 1,508 MB
10:02:00 INFO    passo 43100 | perda 0.7565 | 189.2 pares/s | VRAM 1,508 MB
10:02:34 INFO    passo 43150 | perda 0.7908 | 189.2 pares/s | VRAM 1,508 MB
10:03:07 INFO    passo 43200 | perda 0.7435 | 189.2 pares/s | VRAM 1,508 MB
10:03:08 INFO      aval: recall@1 0.510 · recall@10 0.891 · MRR 0.642 · nDCG@10 0.698

Writing model shards:   0%|          | 0/1 [00:00<?, ?it/s]
Writing model shards: 100%|██████████| 1/1 [00:00<00:00,  5.03it/s]
Writing model shards: 100%|██████████| 1/1 [00:00<00:00,  5.03it/s]

Writing model shards:   0%|          | 0/1 [00:00<?, ?it/s]
Writing model shards: 100%|██████████| 1/1 [00:00<00:00,  5.55it/s]
Writing model shards: 100%|██████████| 1/1 [00:00<00:00,  5.54it/s]
10:03:09 INFO      ★ melhor até agora (nDCG@10 0.698) → phiemb-minilm-t4-melhor
10:03:43 INFO    passo 43250 | perda 0.7405 | 189.2 pares/s | VRAM 1,508 MB
10:04:16 INFO    passo 43300 | perda 0.7425 | 189.2 pares/s | VRAM 1,508 MB
10:04:49 INFO    passo 43350 | perda 0.8064 | 189.2 pares/s | VRAM 1,508 MB
10:05:23 INFO    passo 43400 | perda 0.7249 | 189.2 pares/s | VRAM 1,508 MB
10:05:24 INFO      aval: recall@1 0.513 · recall@10 0.886 · MRR 0.643 · nDCG@10 0.698

Writing model shards:   0%|          | 0/1 [00:00<?, ?it/s]
Writing model shards: 100%|██████████| 1/1 [00:00<00:00,  5.12it/s]
Writing model shards: 100%|██████████| 1/1 [00:00<00:00,  5.11it/s]
10:05:58 INFO    passo 43450 | perda 0.7447 | 189.2 pares/s | VRAM 1,508 MB
10:06:31 INFO    passo 43500 | perda 0.7363 | 189.2 pares/s | VRAM 1,508 MB
10:07:05 INFO    passo 43550 | perda 0.7220 | 189.2 pares/s | VRAM 1,508 MB
10:07:38 INFO    passo 43600 | perda 0.7357 | 189.2 pares/s | VRAM 1,508 MB
10:07:39 INFO      aval: recall@1 0.505 · recall@10 0.883 · MRR 0.641 · nDCG@10 0.696

Writing model shards:   0%|          | 0/1 [00:00<?, ?it/s]
Writing model shards: 100%|██████████| 1/1 [00:00<00:00,  5.12it/s]
Writing model shards: 100%|██████████| 1/1 [00:00<00:00,  5.11it/s]
10:08:13 INFO    passo 43650 | perda 0.7486 | 189.2 pares/s | VRAM 1,508 MB
10:08:46 INFO    passo 43700 | perda 0.7175 | 189.2 pares/s | VRAM 1,508 MB
10:09:20 INFO    passo 43750 | perda 0.7369 | 189.2 pares/s | VRAM 1,508 MB
10:09:53 INFO    passo 43800 | perda 0.7671 | 189.2 pares/s | VRAM 1,508 MB
10:09:54 INFO      aval: recall@1 0.518 · recall@10 0.888 · MRR 0.648 · nDCG@10 0.702

Writing model shards:   0%|          | 0/1 [00:00<?, ?it/s]
Writing model shards: 100%|██████████| 1/1 [00:00<00:00,  5.02it/s]
Writing model shards: 100%|██████████| 1/1 [00:00<00:00,  5.01it/s]

Writing model shards:   0%|          | 0/1 [00:00<?, ?it/s]
Writing model shards: 100%|██████████| 1/1 [00:00<00:00,  5.32it/s]
Writing model shards: 100%|██████████| 1/1 [00:00<00:00,  5.31it/s]
10:09:55 INFO      ★ melhor até agora (nDCG@10 0.702) → phiemb-minilm-t4-melhor
10:10:28 INFO    passo 43850 | perda 0.7576 | 189.2 pares/s | VRAM 1,508 MB
10:11:02 INFO    passo 43900 | perda 0.7230 | 189.2 pares/s | VRAM 1,508 MB
10:11:35 INFO    passo 43950 | perda 0.7622 | 189.2 pares/s | VRAM 1,508 MB
10:12:09 INFO    passo 44000 | perda 0.7800 | 189.2 pares/s | VRAM 1,508 MB
10:12:10 INFO      aval: recall@1 0.509 · recall@10 0.887 · MRR 0.641 · nDCG@10 0.697

Writing model shards:   0%|          | 0/1 [00:00<?, ?it/s]
Writing model shards: 100%|██████████| 1/1 [00:00<00:00,  5.01it/s]
Writing model shards: 100%|██████████| 1/1 [00:00<00:00,  5.00it/s]
10:12:44 INFO    passo 44050 | perda 0.7537 | 189.2 pares/s | VRAM 1,508 MB
10:13:17 INFO    passo 44100 | perda 0.7279 | 189.2 pares/s | VRAM 1,508 MB
10:13:51 INFO    passo 44150 | perda 0.7642 | 189.2 pares/s | VRAM 1,508 MB
10:14:24 INFO    passo 44200 | perda 0.7242 | 189.2 pares/s | VRAM 1,508 MB
10:14:25 INFO      aval: recall@1 0.513 · recall@10 0.888 · MRR 0.644 · nDCG@10 0.699

Writing model shards:   0%|          | 0/1 [00:00<?, ?it/s]
Writing model shards: 100%|██████████| 1/1 [00:00<00:00,  5.13it/s]
Writing model shards: 100%|██████████| 1/1 [00:00<00:00,  5.12it/s]
10:14:59 INFO    passo 44250 | perda 0.7365 | 189.2 pares/s | VRAM 1,508 MB
10:15:32 INFO    passo 44300 | perda 0.7413 | 189.2 pares/s | VRAM 1,508 MB
10:16:06 INFO    passo 44350 | perda 0.7692 | 189.2 pares/s | VRAM 1,508 MB
10:16:39 INFO    passo 44400 | perda 0.7301 | 189.2 pares/s | VRAM 1,508 MB
10:16:40 INFO      aval: recall@1 0.497 · recall@10 0.892 · MRR 0.636 · nDCG@10 0.694

Writing model shards:   0%|          | 0/1 [00:00<?, ?it/s]
Writing model shards: 100%|██████████| 1/1 [00:00<00:00,  5.14it/s]
Writing model shards: 100%|██████████| 1/1 [00:00<00:00,  5.14it/s]
10:17:14 INFO    passo 44450 | perda 0.7384 | 189.2 pares/s | VRAM 1,508 MB
10:17:48 INFO    passo 44500 | perda 0.7350 | 189.2 pares/s | VRAM 1,508 MB
10:18:21 INFO    passo 44550 | perda 0.7570 | 189.2 pares/s | VRAM 1,508 MB
10:18:54 INFO    passo 44600 | perda 0.7517 | 189.2 pares/s | VRAM 1,508 MB
10:18:56 INFO      aval: recall@1 0.508 · recall@10 0.885 · MRR 0.639 · nDCG@10 0.695

Writing model shards:   0%|          | 0/1 [00:00<?, ?it/s]
Writing model shards: 100%|██████████| 1/1 [00:00<00:00,  5.14it/s]
Writing model shards: 100%|██████████| 1/1 [00:00<00:00,  5.14it/s]
10:19:30 INFO    passo 44650 | perda 0.7288 | 189.2 pares/s | VRAM 1,508 MB
10:20:03 INFO    passo 44700 | perda 0.6953 | 189.2 pares/s | VRAM 1,508 MB
10:20:36 INFO    passo 44750 | perda 0.7468 | 189.2 pares/s | VRAM 1,508 MB
10:21:09 INFO    passo 44800 | perda 0.7554 | 189.2 pares/s | VRAM 1,508 MB
10:21:11 INFO      aval: recall@1 0.504 · recall@10 0.885 · MRR 0.639 · nDCG@10 0.695

Writing model shards:   0%|          | 0/1 [00:00<?, ?it/s]
Writing model shards: 100%|██████████| 1/1 [00:00<00:00,  5.34it/s]
Writing model shards: 100%|██████████| 1/1 [00:00<00:00,  5.34it/s]
10:21:45 INFO    passo 44850 | perda 0.7681 | 189.2 pares/s | VRAM 1,508 MB
10:22:18 INFO    passo 44900 | perda 0.7315 | 189.2 pares/s | VRAM 1,508 MB
10:22:52 INFO    passo 44950 | perda 0.7640 | 189.2 pares/s | VRAM 1,508 MB
10:23:24 INFO    passo 45000 | perda 0.7476 | 189.2 pares/s | VRAM 1,508 MB
10:23:26 INFO      aval: recall@1 0.502 · recall@10 0.884 · MRR 0.636 · nDCG@10 0.692

Writing model shards:   0%|          | 0/1 [00:00<?, ?it/s]
Writing model shards: 100%|██████████| 1/1 [00:00<00:00,  5.00it/s]
Writing model shards: 100%|██████████| 1/1 [00:00<00:00,  4.99it/s]
10:24:00 INFO    passo 45050 | perda 0.7356 | 189.2 pares/s | VRAM 1,508 MB
10:24:33 INFO    passo 45100 | perda 0.7176 | 189.2 pares/s | VRAM 1,508 MB
10:25:06 INFO    passo 45150 | perda 0.7355 | 189.2 pares/s | VRAM 1,508 MB
10:25:39 INFO    passo 45200 | perda 0.7405 | 189.2 pares/s | VRAM 1,508 MB
10:25:40 INFO      aval: recall@1 0.506 · recall@10 0.883 · MRR 0.638 · nDCG@10 0.693

Writing model shards:   0%|          | 0/1 [00:00<?, ?it/s]
Writing model shards: 100%|██████████| 1/1 [00:00<00:00,  5.01it/s]
Writing model shards: 100%|██████████| 1/1 [00:00<00:00,  5.00it/s]
10:26:14 INFO    passo 45250 | perda 0.7364 | 189.2 pares/s | VRAM 1,508 MB
10:26:47 INFO    passo 45300 | perda 0.7394 | 189.2 pares/s | VRAM 1,508 MB
10:27:21 INFO    passo 45350 | perda 0.7181 | 189.2 pares/s | VRAM 1,508 MB
10:27:54 INFO    passo 45400 | perda 0.7646 | 189.2 pares/s | VRAM 1,508 MB
10:27:55 INFO      aval: recall@1 0.509 · recall@10 0.884 · MRR 0.642 · nDCG@10 0.696

Writing model shards:   0%|          | 0/1 [00:00<?, ?it/s]
Writing model shards: 100%|██████████| 1/1 [00:00<00:00,  5.05it/s]
Writing model shards: 100%|██████████| 1/1 [00:00<00:00,  5.04it/s]
10:28:29 INFO    passo 45450 | perda 0.7277 | 189.2 pares/s | VRAM 1,508 MB
10:29:02 INFO    passo 45500 | perda 0.7423 | 189.2 pares/s | VRAM 1,508 MB
10:29:36 INFO    passo 45550 | perda 0.7291 | 189.2 pares/s | VRAM 1,508 MB
10:30:09 INFO    passo 45600 | perda 0.7612 | 189.2 pares/s | VRAM 1,508 MB
10:30:10 INFO      aval: recall@1 0.509 · recall@10 0.887 · MRR 0.643 · nDCG@10 0.698

Writing model shards:   0%|          | 0/1 [00:00<?, ?it/s]
Writing model shards: 100%|██████████| 1/1 [00:00<00:00,  5.07it/s]
Writing model shards: 100%|██████████| 1/1 [00:00<00:00,  5.06it/s]
10:30:44 INFO    passo 45650 | perda 0.7574 | 189.2 pares/s | VRAM 1,508 MB
10:31:17 INFO    passo 45700 | perda 0.6957 | 189.2 pares/s | VRAM 1,508 MB
10:31:51 INFO    passo 45750 | perda 0.7198 | 189.2 pares/s | VRAM 1,508 MB
10:32:24 INFO    passo 45800 | perda 0.7605 | 189.2 pares/s | VRAM 1,508 MB
10:32:25 INFO      aval: recall@1 0.504 · recall@10 0.889 · MRR 0.640 · nDCG@10 0.697

Writing model shards:   0%|          | 0/1 [00:00<?, ?it/s]
Writing model shards: 100%|██████████| 1/1 [00:00<00:00,  5.18it/s]
Writing model shards: 100%|██████████| 1/1 [00:00<00:00,  5.17it/s]
10:32:59 INFO    passo 45850 | perda 0.7491 | 189.2 pares/s | VRAM 1,508 MB
10:33:32 INFO    passo 45900 | perda 0.7231 | 189.2 pares/s | VRAM 1,508 MB
10:34:06 INFO    passo 45950 | perda 0.7193 | 189.2 pares/s | VRAM 1,508 MB
10:34:39 INFO    passo 46000 | perda 0.7410 | 189.2 pares/s | VRAM 1,508 MB
10:34:40 INFO      aval: recall@1 0.509 · recall@10 0.891 · MRR 0.642 · nDCG@10 0.699

Writing model shards:   0%|          | 0/1 [00:00<?, ?it/s]
Writing model shards: 100%|██████████| 1/1 [00:00<00:00,  5.10it/s]
Writing model shards: 100%|██████████| 1/1 [00:00<00:00,  5.09it/s]
10:35:14 INFO    passo 46050 | perda 0.7412 | 189.2 pares/s | VRAM 1,508 MB
10:35:47 INFO    passo 46100 | perda 0.7287 | 189.2 pares/s | VRAM 1,508 MB
10:36:21 INFO    passo 46150 | perda 0.7205 | 189.2 pares/s | VRAM 1,508 MB
10:36:54 INFO    passo 46200 | perda 0.7378 | 189.2 pares/s | VRAM 1,508 MB
10:36:55 INFO      aval: recall@1 0.507 · recall@10 0.888 · MRR 0.641 · nDCG@10 0.697

Writing model shards:   0%|          | 0/1 [00:00<?, ?it/s]
Writing model shards: 100%|██████████| 1/1 [00:00<00:00,  5.07it/s]
Writing model shards: 100%|██████████| 1/1 [00:00<00:00,  5.06it/s]
10:37:29 INFO    passo 46250 | perda 0.7192 | 189.2 pares/s | VRAM 1,508 MB
10:38:02 INFO    passo 46300 | perda 0.7317 | 189.2 pares/s | VRAM 1,508 MB
10:38:36 INFO    passo 46350 | perda 0.7606 | 189.2 pares/s | VRAM 1,508 MB
10:39:09 INFO    passo 46400 | perda 0.7544 | 189.2 pares/s | VRAM 1,508 MB
10:39:11 INFO      aval: recall@1 0.504 · recall@10 0.885 · MRR 0.637 · nDCG@10 0.693

Writing model shards:   0%|          | 0/1 [00:00<?, ?it/s]
Writing model shards: 100%|██████████| 1/1 [00:00<00:00,  4.81it/s]
Writing model shards: 100%|██████████| 1/1 [00:00<00:00,  4.80it/s]
10:39:45 INFO    passo 46450 | perda 0.7353 | 189.2 pares/s | VRAM 1,508 MB
10:40:18 INFO    passo 46500 | perda 0.7697 | 189.2 pares/s | VRAM 1,508 MB
10:40:51 INFO    passo 46550 | perda 0.7355 | 189.2 pares/s | VRAM 1,508 MB
10:41:24 INFO    passo 46600 | perda 0.7283 | 189.2 pares/s | VRAM 1,508 MB
10:41:26 INFO      aval: recall@1 0.503 · recall@10 0.886 · MRR 0.637 · nDCG@10 0.694

Writing model shards:   0%|          | 0/1 [00:00<?, ?it/s]
Writing model shards: 100%|██████████| 1/1 [00:00<00:00,  5.13it/s]
Writing model shards: 100%|██████████| 1/1 [00:00<00:00,  5.12it/s]
10:42:00 INFO    passo 46650 | perda 0.7225 | 189.2 pares/s | VRAM 1,508 MB
10:42:33 INFO    passo 46700 | perda 0.7506 | 189.2 pares/s | VRAM 1,508 MB
10:43:07 INFO    passo 46750 | perda 0.7288 | 189.2 pares/s | VRAM 1,508 MB
10:43:40 INFO    passo 46800 | perda 0.7380 | 189.2 pares/s | VRAM 1,508 MB
10:43:41 INFO      aval: recall@1 0.507 · recall@10 0.885 · MRR 0.639 · nDCG@10 0.695

Writing model shards:   0%|          | 0/1 [00:00<?, ?it/s]
Writing model shards: 100%|██████████| 1/1 [00:00<00:00,  5.29it/s]
Writing model shards: 100%|██████████| 1/1 [00:00<00:00,  5.29it/s]
10:44:15 INFO    passo 46850 | perda 0.7580 | 189.2 pares/s | VRAM 1,508 MB

Writing model shards:   0%|          | 0/1 [00:00<?, ?it/s]
Writing model shards: 100%|██████████| 1/1 [00:00<00:00,  5.78it/s]
Writing model shards: 100%|██████████| 1/1 [00:00<00:00,  5.77it/s]

                         recall@1   recall@10      MRR
antes (base)                0.381       0.739    0.501
depois (ΦEmb)               0.496       0.885    0.634
ganho                      +0.115      +0.146   +0.132

passo 46875 | CONCLUIDO | 189.2 pares/s · → /kaggle/working/phiemb-minilm-t4
